country,year,volume,source
Russian Federation,2012,23.86699345877112,World Bank Global Gas Flaring Tracker — REAL
"Iran, Islamic Rep.",2012,11.027247342112931,World Bank Global Gas Flaring Tracker — REAL
Iraq,2012,12.700735184967252,World Bank Global Gas Flaring Tracker — REAL
United States,2012,9.530317748228423,World Bank Global Gas Flaring Tracker — REAL
"Venezuela, RB",2012,8.1514996558046,World Bank Global Gas Flaring Tracker — REAL
Algeria,2012,7.5994583674874425,World Bank Global Gas Flaring Tracker — REAL
Nigeria,2012,9.622373372464113,World Bank Global Gas Flaring Tracker — REAL
Libya,2012,5.944823464049603,World Bank Global Gas Flaring Tracker — REAL
Mexico,2012,4.282055191576709,World Bank Global Gas Flaring Tracker — REAL
Saudi Arabia,2012,1.9393718902155255,World Bank Global Gas Flaring Tracker — REAL
China,2012,1.9854011107179192,World Bank Global Gas Flaring Tracker — REAL
Oman,2012,2.1131493027254606,World Bank Global Gas Flaring Tracker — REAL
Angola,2012,3.2467232856784003,World Bank Global Gas Flaring Tracker — REAL
"Congo, Rep.",2012,1.1037338807998598,World Bank Global Gas Flaring Tracker — REAL
Indonesia,2012,3.536877071773602,World Bank Global Gas Flaring Tracker — REAL
"Egypt, Arab Rep.",2012,2.6676505431523374,World Bank Global Gas Flaring Tracker — REAL
Ecuador,2012,0.8000976971696802,World Bank Global Gas Flaring Tracker — REAL
India,2012,1.9107635758184307,World Bank Global Gas Flaring Tracker — REAL
Canada,2012,1.264351192915948,World Bank Global Gas Flaring Tracker — REAL
Malaysia,2012,2.363553010489899,World Bank Global Gas Flaring Tracker — REAL
Argentina,2012,0.6014898985371704,World Bank Global Gas Flaring Tracker — REAL
Turkmenistan,2012,2.448511498346541,World Bank Global Gas Flaring Tracker — REAL
Gabon,2012,1.3440762299740003,World Bank Global Gas Flaring Tracker — REAL
Syrian Arab Republic,2012,0.70975022088832,World Bank Global Gas Flaring Tracker — REAL
Kazakhstan,2012,3.959198756403349,World Bank Global Gas Flaring Tracker — REAL
Brazil,2012,1.59480132202021,World Bank Global Gas Flaring Tracker — REAL
Qatar,2012,1.2603467924485998,World Bank Global Gas Flaring Tracker — REAL
United Arab Emirates,2012,0.9492580288743602,World Bank Global Gas Flaring Tracker — REAL
Kuwait,2012,1.131930305410255,World Bank Global Gas Flaring Tracker — REAL
Vietnam,2012,0.8978162413352,World Bank Global Gas Flaring Tracker — REAL
Australia,2012,0.8348730616291399,World Bank Global Gas Flaring Tracker — REAL
United Kingdom,2012,1.2964592663898398,World Bank Global Gas Flaring Tracker — REAL
Cameroon,2012,0.7700357472424999,World Bank Global Gas Flaring Tracker — REAL
Uzbekistan,2012,1.8276502879035394,World Bank Global Gas Flaring Tracker — REAL
Ghana,2012,0.035490468581,World Bank Global Gas Flaring Tracker — REAL
Yemen,2012,1.1103516315148,World Bank Global Gas Flaring Tracker — REAL
Colombia,2012,0.98443673622779,World Bank Global Gas Flaring Tracker — REAL
Pakistan,2012,0.5329066967428595,World Bank Global Gas Flaring Tracker — REAL
Ukraine,2012,0.29401611512026,World Bank Global Gas Flaring Tracker — REAL
Thailand,2012,0.5314634627762,World Bank Global Gas Flaring Tracker — REAL
Equatorial Guinea,2012,0.663365418715,World Bank Global Gas Flaring Tracker — REAL
Azerbaijan,2012,0.33343959101340004,World Bank Global Gas Flaring Tracker — REAL
Chad,2012,0.10346073860293001,World Bank Global Gas Flaring Tracker — REAL
Tunisia,2012,0.6500776248278699,World Bank Global Gas Flaring Tracker — REAL
Brunei Darussalam,2012,0.1709236832184,World Bank Global Gas Flaring Tracker — REAL
Peru,2012,0.12729351875473,World Bank Global Gas Flaring Tracker — REAL
Democratic Republic of the Congo,2012,0.216916683361,World Bank Global Gas Flaring Tracker — REAL
Trinidad and Tobago,2012,0.32982925707009997,World Bank Global Gas Flaring Tracker — REAL
Guyana,2012,0.0,World Bank Global Gas Flaring Tracker — REAL
Norway,2012,0.3144231473002981,World Bank Global Gas Flaring Tracker — REAL
Bahrain,2012,0.053251293757100006,World Bank Global Gas Flaring Tracker — REAL
Mozambique,2012,0.039293999976,World Bank Global Gas Flaring Tracker — REAL
Turkey,2012,0.00063404186697,World Bank Global Gas Flaring Tracker — REAL
Bolivia,2012,0.06336586452495001,World Bank Global Gas Flaring Tracker — REAL
Hungary,2012,0.0077574326231,World Bank Global Gas Flaring Tracker — REAL
Philippines,2012,0.11720782424699999,World Bank Global Gas Flaring Tracker — REAL
Senegal,2012,0.0,World Bank Global Gas Flaring Tracker — REAL
Cuba,2012,0.05133547497,World Bank Global Gas Flaring Tracker — REAL
Guatemala,2012,0.0100409916652,World Bank Global Gas Flaring Tracker — REAL
Denmark,2012,0.0899807704899,World Bank Global Gas Flaring Tracker — REAL
Ivory Coast,2012,0.10677962205506,World Bank Global Gas Flaring Tracker — REAL
Niger,2012,0.052855533084600004,World Bank Global Gas Flaring Tracker — REAL
Israel,2012,0.00014417251522,World Bank Global Gas Flaring Tracker — REAL
Romania,2012,0.02879272615409,World Bank Global Gas Flaring Tracker — REAL
Sudan,2012,0.3588938291822,World Bank Global Gas Flaring Tracker — REAL
Timor-Leste,2012,0.159597023122,World Bank Global Gas Flaring Tracker — REAL
Bangladesh,2012,0.0087654519865,World Bank Global Gas Flaring Tracker — REAL
Poland,2012,0.0194761804254,World Bank Global Gas Flaring Tracker — REAL
Myanmar,2012,0.071480425132,World Bank Global Gas Flaring Tracker — REAL
Papua New Guinea,2012,0.0494112574509,World Bank Global Gas Flaring Tracker — REAL
New Zealand,2012,0.12391539230316001,World Bank Global Gas Flaring Tracker — REAL
Croatia,2012,0.00656803791048,World Bank Global Gas Flaring Tracker — REAL
South Africa,2012,0.039058924199,World Bank Global Gas Flaring Tracker — REAL
Belize,2012,0.0,World Bank Global Gas Flaring Tracker — REAL
France,2012,0.010765547909,World Bank Global Gas Flaring Tracker — REAL
Netherlands,2012,0.005708169813719999,World Bank Global Gas Flaring Tracker — REAL
Chile,2012,0.023142704843079998,World Bank Global Gas Flaring Tracker — REAL
Mauritania,2012,0.05458022452999999,World Bank Global Gas Flaring Tracker — REAL
Jordan,2012,0.0004142378829,World Bank Global Gas Flaring Tracker — REAL
Italy,2012,0.0045215253901,World Bank Global Gas Flaring Tracker — REAL
Albania,2012,0.0,World Bank Global Gas Flaring Tracker — REAL
Greece,2012,0.0,World Bank Global Gas Flaring Tracker — REAL
Germany,2012,0.0,World Bank Global Gas Flaring Tracker — REAL
Tanzania,2012,0.0008268255924,World Bank Global Gas Flaring Tracker — REAL
Austria,2012,0.0,World Bank Global Gas Flaring Tracker — REAL
Belarus,2012,0.0018934970867,World Bank Global Gas Flaring Tracker — REAL
Cambodia,2012,0.0,World Bank Global Gas Flaring Tracker — REAL
Cyprus,2012,0.0,World Bank Global Gas Flaring Tracker — REAL
Czechia,2012,0.0,World Bank Global Gas Flaring Tracker — REAL
Ethiopia,2012,0.0,World Bank Global Gas Flaring Tracker — REAL
Japan,2012,0.0020556517603,World Bank Global Gas Flaring Tracker — REAL
Mongolia,2012,0.0068616191363,World Bank Global Gas Flaring Tracker — REAL
Serbia,2012,0.0104698090371,World Bank Global Gas Flaring Tracker — REAL
South Korea,2012,0.0,World Bank Global Gas Flaring Tracker — REAL
Spain,2012,0.0007967468941,World Bank Global Gas Flaring Tracker — REAL
Suriname,2012,0.0,World Bank Global Gas Flaring Tracker — REAL
Sweden,2012,0.0010769037523,World Bank Global Gas Flaring Tracker — REAL
Georgia,2012,0.0014173717867,World Bank Global Gas Flaring Tracker — REAL
Total,2012,143.26490588320428,World Bank Global Gas Flaring Tracker — REAL
Russian Federation,2013,21.111844263887736,World Bank Global Gas Flaring Tracker — REAL
"Iran, Islamic Rep.",2013,11.032066910022902,World Bank Global Gas Flaring Tracker — REAL
Iraq,2013,13.344840931300492,World Bank Global Gas Flaring Tracker — REAL
United States,2013,9.209583996071377,World Bank Global Gas Flaring Tracker — REAL
"Venezuela, RB",2013,9.25597621045098,World Bank Global Gas Flaring Tracker — REAL
Algeria,2013,8.188072366715,World Bank Global Gas Flaring Tracker — REAL
Nigeria,2013,9.340901722342512,World Bank Global Gas Flaring Tracker — REAL
Libya,2013,4.144625372405191,World Bank Global Gas Flaring Tracker — REAL
Mexico,2013,4.308421971791219,World Bank Global Gas Flaring Tracker — REAL
Saudi Arabia,2013,1.9991126537857808,World Bank Global Gas Flaring Tracker — REAL
China,2013,1.932167276741727,World Bank Global Gas Flaring Tracker — REAL
Oman,2013,2.3552536788434777,World Bank Global Gas Flaring Tracker — REAL
Angola,2013,3.1629565409263094,World Bank Global Gas Flaring Tracker — REAL
"Congo, Rep.",2013,1.4277868916016998,World Bank Global Gas Flaring Tracker — REAL
Indonesia,2013,3.1379211741380493,World Bank Global Gas Flaring Tracker — REAL
"Egypt, Arab Rep.",2013,2.3775231799411767,World Bank Global Gas Flaring Tracker — REAL
Ecuador,2013,0.7929586285833297,World Bank Global Gas Flaring Tracker — REAL
India,2013,1.7370417811017296,World Bank Global Gas Flaring Tracker — REAL
Canada,2013,1.5364031614713576,World Bank Global Gas Flaring Tracker — REAL
Malaysia,2013,2.8732608414883,World Bank Global Gas Flaring Tracker — REAL
Argentina,2013,0.6868594290323514,World Bank Global Gas Flaring Tracker — REAL
Turkmenistan,2013,2.2518351828460617,World Bank Global Gas Flaring Tracker — REAL
Gabon,2013,1.36721682093904,World Bank Global Gas Flaring Tracker — REAL
Syrian Arab Republic,2013,0.42662932391838293,World Bank Global Gas Flaring Tracker — REAL
Kazakhstan,2013,3.763685337083717,World Bank Global Gas Flaring Tracker — REAL
Brazil,2013,1.3410874654849194,World Bank Global Gas Flaring Tracker — REAL
Qatar,2013,0.81737036734084,World Bank Global Gas Flaring Tracker — REAL
United Arab Emirates,2013,1.2401478443544394,World Bank Global Gas Flaring Tracker — REAL
Kuwait,2013,1.2962032289747103,World Bank Global Gas Flaring Tracker — REAL
Vietnam,2013,1.0390899430773,World Bank Global Gas Flaring Tracker — REAL
Australia,2013,0.8019205102321381,World Bank Global Gas Flaring Tracker — REAL
United Kingdom,2013,1.3543145072624196,World Bank Global Gas Flaring Tracker — REAL
Cameroon,2013,0.8314311465122999,World Bank Global Gas Flaring Tracker — REAL
Uzbekistan,2013,1.49403423036319,World Bank Global Gas Flaring Tracker — REAL
Ghana,2013,0.08512528904,World Bank Global Gas Flaring Tracker — REAL
Yemen,2013,1.1617561239521998,World Bank Global Gas Flaring Tracker — REAL
Colombia,2013,0.8842673468396103,World Bank Global Gas Flaring Tracker — REAL
Pakistan,2013,0.6068129926990199,World Bank Global Gas Flaring Tracker — REAL
Ukraine,2013,0.23039357795214005,World Bank Global Gas Flaring Tracker — REAL
Thailand,2013,0.4285977568874001,World Bank Global Gas Flaring Tracker — REAL
Equatorial Guinea,2013,0.676182563926,World Bank Global Gas Flaring Tracker — REAL
Azerbaijan,2013,0.43675299988763,World Bank Global Gas Flaring Tracker — REAL
Chad,2013,0.13477538898091,World Bank Global Gas Flaring Tracker — REAL
Tunisia,2013,0.5895398135765301,World Bank Global Gas Flaring Tracker — REAL
Brunei Darussalam,2013,0.183875953381,World Bank Global Gas Flaring Tracker — REAL
Peru,2013,0.13731771650469,World Bank Global Gas Flaring Tracker — REAL
Democratic Republic of the Congo,2013,0.19731578768,World Bank Global Gas Flaring Tracker — REAL
Trinidad and Tobago,2013,0.3126074353066,World Bank Global Gas Flaring Tracker — REAL
Guyana,2013,0.0,World Bank Global Gas Flaring Tracker — REAL
Norway,2013,0.42900030899935004,World Bank Global Gas Flaring Tracker — REAL
Bahrain,2013,0.0841128425985,World Bank Global Gas Flaring Tracker — REAL
Mozambique,2013,0.003335420378,World Bank Global Gas Flaring Tracker — REAL
Turkey,2013,0.0015322599343999999,World Bank Global Gas Flaring Tracker — REAL
Bolivia,2013,0.045597107278789996,World Bank Global Gas Flaring Tracker — REAL
Hungary,2013,0.00307074616822,World Bank Global Gas Flaring Tracker — REAL
Philippines,2013,0.128601325238,World Bank Global Gas Flaring Tracker — REAL
Senegal,2013,0.0,World Bank Global Gas Flaring Tracker — REAL
Cuba,2013,0.0536683026301,World Bank Global Gas Flaring Tracker — REAL
Guatemala,2013,0.014929781185000001,World Bank Global Gas Flaring Tracker — REAL
Denmark,2013,0.10420188500399999,World Bank Global Gas Flaring Tracker — REAL
Ivory Coast,2013,0.0815797051802,World Bank Global Gas Flaring Tracker — REAL
Niger,2013,0.0955410297612,World Bank Global Gas Flaring Tracker — REAL
Israel,2013,0.00013916373621,World Bank Global Gas Flaring Tracker — REAL
Romania,2013,0.0262728069796,World Bank Global Gas Flaring Tracker — REAL
Sudan,2013,0.44275447264524004,World Bank Global Gas Flaring Tracker — REAL
Timor-Leste,2013,0.142017087115,World Bank Global Gas Flaring Tracker — REAL
Bangladesh,2013,0.00921293997622,World Bank Global Gas Flaring Tracker — REAL
Poland,2013,0.014049159348299999,World Bank Global Gas Flaring Tracker — REAL
Myanmar,2013,0.08424407278599999,World Bank Global Gas Flaring Tracker — REAL
Papua New Guinea,2013,0.052403326427000005,World Bank Global Gas Flaring Tracker — REAL
New Zealand,2013,0.07509756589271,World Bank Global Gas Flaring Tracker — REAL
Croatia,2013,0.00943088233994,World Bank Global Gas Flaring Tracker — REAL
South Africa,2013,0.027202694476999998,World Bank Global Gas Flaring Tracker — REAL
Belize,2013,0.0,World Bank Global Gas Flaring Tracker — REAL
France,2013,0.01304931307491,World Bank Global Gas Flaring Tracker — REAL
Netherlands,2013,0.0146212490333,World Bank Global Gas Flaring Tracker — REAL
Chile,2013,0.024928166733369995,World Bank Global Gas Flaring Tracker — REAL
Mauritania,2013,0.05639541527,World Bank Global Gas Flaring Tracker — REAL
Jordan,2013,0.0026863078145,World Bank Global Gas Flaring Tracker — REAL
Italy,2013,0.00274817807926,World Bank Global Gas Flaring Tracker — REAL
Albania,2013,0.00011990786872,World Bank Global Gas Flaring Tracker — REAL
Greece,2013,0.0,World Bank Global Gas Flaring Tracker — REAL
Germany,2013,0.0,World Bank Global Gas Flaring Tracker — REAL
Tanzania,2013,0.0029372406340999998,World Bank Global Gas Flaring Tracker — REAL
Austria,2013,6.999810808e-05,World Bank Global Gas Flaring Tracker — REAL
Belarus,2013,0.0030395632141,World Bank Global Gas Flaring Tracker — REAL
Cambodia,2013,0.0,World Bank Global Gas Flaring Tracker — REAL
Cyprus,2013,0.0,World Bank Global Gas Flaring Tracker — REAL
Czechia,2013,0.0,World Bank Global Gas Flaring Tracker — REAL
Ethiopia,2013,0.0,World Bank Global Gas Flaring Tracker — REAL
Japan,2013,0.0,World Bank Global Gas Flaring Tracker — REAL
Mongolia,2013,0.0077175072987199994,World Bank Global Gas Flaring Tracker — REAL
Serbia,2013,0.012386621477,World Bank Global Gas Flaring Tracker — REAL
South Korea,2013,0.0,World Bank Global Gas Flaring Tracker — REAL
Spain,2013,0.0016681626559,World Bank Global Gas Flaring Tracker — REAL
Suriname,2013,0.0,World Bank Global Gas Flaring Tracker — REAL
Sweden,2013,0.00019308951025,World Bank Global Gas Flaring Tracker — REAL
Georgia,2013,0.0017275097523,World Bank Global Gas Flaring Tracker — REAL
Total,2013,140.11814875424923,World Bank Global Gas Flaring Tracker — REAL
Russian Federation,2014,19.68431173518919,World Bank Global Gas Flaring Tracker — REAL
"Iran, Islamic Rep.",2014,12.119680797231673,World Bank Global Gas Flaring Tracker — REAL
Iraq,2014,14.101866537479442,World Bank Global Gas Flaring Tracker — REAL
United States,2014,11.331773628387886,World Bank Global Gas Flaring Tracker — REAL
"Venezuela, RB",2014,9.957216798519195,World Bank Global Gas Flaring Tracker — REAL
Algeria,2014,8.698314056459058,World Bank Global Gas Flaring Tracker — REAL
Nigeria,2014,8.418663477461502,World Bank Global Gas Flaring Tracker — REAL
Libya,2014,2.90115255374354,World Bank Global Gas Flaring Tracker — REAL
Mexico,2014,4.8580359907770525,World Bank Global Gas Flaring Tracker — REAL
Saudi Arabia,2014,1.9439448410712337,World Bank Global Gas Flaring Tracker — REAL
China,2014,2.0906165299175057,World Bank Global Gas Flaring Tracker — REAL
Oman,2014,2.593533051853262,World Bank Global Gas Flaring Tracker — REAL
Angola,2014,3.4893567149,World Bank Global Gas Flaring Tracker — REAL
"Congo, Rep.",2014,1.2591717152081998,World Bank Global Gas Flaring Tracker — REAL
Indonesia,2014,3.0656788293468593,World Bank Global Gas Flaring Tracker — REAL
"Egypt, Arab Rep.",2014,2.7826087523649297,World Bank Global Gas Flaring Tracker — REAL
Ecuador,2014,1.0039450764035003,World Bank Global Gas Flaring Tracker — REAL
India,2014,1.8773868249030503,World Bank Global Gas Flaring Tracker — REAL
Canada,2014,2.062680717724486,World Bank Global Gas Flaring Tracker — REAL
Malaysia,2014,3.4231261804043,World Bank Global Gas Flaring Tracker — REAL
Argentina,2014,0.7384376160011196,World Bank Global Gas Flaring Tracker — REAL
Turkmenistan,2014,1.9908735635232793,World Bank Global Gas Flaring Tracker — REAL
Gabon,2014,1.4786111706509997,World Bank Global Gas Flaring Tracker — REAL
Syrian Arab Republic,2014,0.38933150052562,World Bank Global Gas Flaring Tracker — REAL
Kazakhstan,2014,3.931659391715756,World Bank Global Gas Flaring Tracker — REAL
Brazil,2014,1.534214655581411,World Bank Global Gas Flaring Tracker — REAL
Qatar,2014,1.05857561140829,World Bank Global Gas Flaring Tracker — REAL
United Arab Emirates,2014,0.9270533535670401,World Bank Global Gas Flaring Tracker — REAL
Kuwait,2014,1.406561802874368,World Bank Global Gas Flaring Tracker — REAL
Vietnam,2014,1.01436329711648,World Bank Global Gas Flaring Tracker — REAL
Australia,2014,1.1375534272683296,World Bank Global Gas Flaring Tracker — REAL
United Kingdom,2014,1.3497972687744,World Bank Global Gas Flaring Tracker — REAL
Cameroon,2014,0.8974599724469001,World Bank Global Gas Flaring Tracker — REAL
Uzbekistan,2014,1.3012987798983897,World Bank Global Gas Flaring Tracker — REAL
Ghana,2014,0.11734149420699999,World Bank Global Gas Flaring Tracker — REAL
Yemen,2014,1.2026075348119099,World Bank Global Gas Flaring Tracker — REAL
Colombia,2014,0.8654162760522602,World Bank Global Gas Flaring Tracker — REAL
Pakistan,2014,0.4595232427618107,World Bank Global Gas Flaring Tracker — REAL
Ukraine,2014,0.24256960536446,World Bank Global Gas Flaring Tracker — REAL
Thailand,2014,0.39472138412505003,World Bank Global Gas Flaring Tracker — REAL
Equatorial Guinea,2014,0.65862176165,World Bank Global Gas Flaring Tracker — REAL
Azerbaijan,2014,0.31035861330175996,World Bank Global Gas Flaring Tracker — REAL
Chad,2014,0.1629026694036,World Bank Global Gas Flaring Tracker — REAL
Tunisia,2014,0.5991147179051199,World Bank Global Gas Flaring Tracker — REAL
Brunei Darussalam,2014,0.1972427246262,World Bank Global Gas Flaring Tracker — REAL
Peru,2014,0.19610363536096,World Bank Global Gas Flaring Tracker — REAL
Democratic Republic of the Congo,2014,0.222237989835,World Bank Global Gas Flaring Tracker — REAL
Trinidad and Tobago,2014,0.26972941455550997,World Bank Global Gas Flaring Tracker — REAL
Guyana,2014,0.0,World Bank Global Gas Flaring Tracker — REAL
Norway,2014,0.34142777229214005,World Bank Global Gas Flaring Tracker — REAL
Bahrain,2014,0.043681792119880006,World Bank Global Gas Flaring Tracker — REAL
Mozambique,2014,0.011349407648,World Bank Global Gas Flaring Tracker — REAL
Turkey,2014,0.0054119299752,World Bank Global Gas Flaring Tracker — REAL
Bolivia,2014,0.050279752583220004,World Bank Global Gas Flaring Tracker — REAL
Hungary,2014,0.0035010889154599998,World Bank Global Gas Flaring Tracker — REAL
Philippines,2014,0.159408022079,World Bank Global Gas Flaring Tracker — REAL
Senegal,2014,0.0,World Bank Global Gas Flaring Tracker — REAL
Cuba,2014,0.08855458920223,World Bank Global Gas Flaring Tracker — REAL
Guatemala,2014,0.022296711215,World Bank Global Gas Flaring Tracker — REAL
Denmark,2014,0.11493505047800001,World Bank Global Gas Flaring Tracker — REAL
Ivory Coast,2014,0.08740046413659999,World Bank Global Gas Flaring Tracker — REAL
Niger,2014,0.09094657439580002,World Bank Global Gas Flaring Tracker — REAL
Israel,2014,6.266075105e-05,World Bank Global Gas Flaring Tracker — REAL
Romania,2014,0.04093656453883,World Bank Global Gas Flaring Tracker — REAL
Sudan,2014,0.47383860355832996,World Bank Global Gas Flaring Tracker — REAL
Timor-Leste,2014,0.09968076476400001,World Bank Global Gas Flaring Tracker — REAL
Bangladesh,2014,0.01614906739883,World Bank Global Gas Flaring Tracker — REAL
Poland,2014,0.0086616241408,World Bank Global Gas Flaring Tracker — REAL
Myanmar,2014,0.071188657914,World Bank Global Gas Flaring Tracker — REAL
Papua New Guinea,2014,0.291639226056,World Bank Global Gas Flaring Tracker — REAL
New Zealand,2014,0.07298194038414,World Bank Global Gas Flaring Tracker — REAL
Croatia,2014,0.009441359462379999,World Bank Global Gas Flaring Tracker — REAL
South Africa,2014,0.0276333010154,World Bank Global Gas Flaring Tracker — REAL
Belize,2014,0.0,World Bank Global Gas Flaring Tracker — REAL
France,2014,0.023046741641,World Bank Global Gas Flaring Tracker — REAL
Netherlands,2014,0.004921612592499999,World Bank Global Gas Flaring Tracker — REAL
Chile,2014,0.033891533065070006,World Bank Global Gas Flaring Tracker — REAL
Mauritania,2014,0.035936991308,World Bank Global Gas Flaring Tracker — REAL
Jordan,2014,0.0020280010053,World Bank Global Gas Flaring Tracker — REAL
Italy,2014,0.0019131622445099999,World Bank Global Gas Flaring Tracker — REAL
Albania,2014,0.006155797388,World Bank Global Gas Flaring Tracker — REAL
Greece,2014,0.0,World Bank Global Gas Flaring Tracker — REAL
Germany,2014,0.0,World Bank Global Gas Flaring Tracker — REAL
Tanzania,2014,0.0008030518577,World Bank Global Gas Flaring Tracker — REAL
Austria,2014,0.0004677236107,World Bank Global Gas Flaring Tracker — REAL
Belarus,2014,0.0020171400253199997,World Bank Global Gas Flaring Tracker — REAL
Cambodia,2014,0.0,World Bank Global Gas Flaring Tracker — REAL
Cyprus,2014,0.0,World Bank Global Gas Flaring Tracker — REAL
Czechia,2014,0.0,World Bank Global Gas Flaring Tracker — REAL
Ethiopia,2014,0.0,World Bank Global Gas Flaring Tracker — REAL
Japan,2014,0.000635553343,World Bank Global Gas Flaring Tracker — REAL
Mongolia,2014,0.0135508957005,World Bank Global Gas Flaring Tracker — REAL
Serbia,2014,0.010034651214,World Bank Global Gas Flaring Tracker — REAL
South Korea,2014,0.0,World Bank Global Gas Flaring Tracker — REAL
Spain,2014,0.003449927034,World Bank Global Gas Flaring Tracker — REAL
Suriname,2014,0.0,World Bank Global Gas Flaring Tracker — REAL
Sweden,2014,0.0004799845765,World Bank Global Gas Flaring Tracker — REAL
Georgia,2014,0.0022820833494,World Bank Global Gas Flaring Tracker — REAL
Total,2014,144.99036905963874,World Bank Global Gas Flaring Tracker — REAL
Russian Federation,2015,21.243892829689283,World Bank Global Gas Flaring Tracker — REAL
"Iran, Islamic Rep.",2015,11.99850134924914,World Bank Global Gas Flaring Tracker — REAL
Iraq,2015,16.310689556742155,World Bank Global Gas Flaring Tracker — REAL
United States,2015,11.852690477083176,World Bank Global Gas Flaring Tracker — REAL
"Venezuela, RB",2015,9.331920448376394,World Bank Global Gas Flaring Tracker — REAL
Algeria,2015,9.130100506634362,World Bank Global Gas Flaring Tracker — REAL
Nigeria,2015,7.657922376253999,World Bank Global Gas Flaring Tracker — REAL
Libya,2015,2.6122144285081,World Bank Global Gas Flaring Tracker — REAL
Mexico,2015,4.99706392156072,World Bank Global Gas Flaring Tracker — REAL
Saudi Arabia,2015,2.153244573998403,World Bank Global Gas Flaring Tracker — REAL
China,2015,2.0751484755068503,World Bank Global Gas Flaring Tracker — REAL
Oman,2015,2.4330880671974704,World Bank Global Gas Flaring Tracker — REAL
Angola,2015,4.1847352639482995,World Bank Global Gas Flaring Tracker — REAL
"Congo, Rep.",2015,1.1759212981794998,World Bank Global Gas Flaring Tracker — REAL
Indonesia,2015,2.904607156268841,World Bank Global Gas Flaring Tracker — REAL
"Egypt, Arab Rep.",2015,2.825714526204197,World Bank Global Gas Flaring Tracker — REAL
Ecuador,2015,1.0572541090772605,World Bank Global Gas Flaring Tracker — REAL
India,2015,2.200779664111029,World Bank Global Gas Flaring Tracker — REAL
Canada,2015,1.8142433206227175,World Bank Global Gas Flaring Tracker — REAL
Malaysia,2015,3.7840705895773006,World Bank Global Gas Flaring Tracker — REAL
Argentina,2015,0.6476125721445498,World Bank Global Gas Flaring Tracker — REAL
Turkmenistan,2015,1.84299655008349,World Bank Global Gas Flaring Tracker — REAL
Gabon,2015,1.5595293455650003,World Bank Global Gas Flaring Tracker — REAL
Syrian Arab Republic,2015,0.5208857208356971,World Bank Global Gas Flaring Tracker — REAL
Kazakhstan,2015,3.694264939155659,World Bank Global Gas Flaring Tracker — REAL
Brazil,2015,1.3279340610688797,World Bank Global Gas Flaring Tracker — REAL
Qatar,2015,1.03958050709882,World Bank Global Gas Flaring Tracker — REAL
United Arab Emirates,2015,0.9583527966212299,World Bank Global Gas Flaring Tracker — REAL
Kuwait,2015,0.890477645935825,World Bank Global Gas Flaring Tracker — REAL
Vietnam,2015,0.9672737106157,World Bank Global Gas Flaring Tracker — REAL
Australia,2015,1.1378144580845109,World Bank Global Gas Flaring Tracker — REAL
United Kingdom,2015,1.3210129097091996,World Bank Global Gas Flaring Tracker — REAL
Cameroon,2015,1.0832166355494004,World Bank Global Gas Flaring Tracker — REAL
Uzbekistan,2015,1.114619307862197,World Bank Global Gas Flaring Tracker — REAL
Ghana,2015,0.13042071534400004,World Bank Global Gas Flaring Tracker — REAL
Yemen,2015,0.66574730591199,World Bank Global Gas Flaring Tracker — REAL
Colombia,2015,0.8206189992442802,World Bank Global Gas Flaring Tracker — REAL
Pakistan,2015,0.4767318555378501,World Bank Global Gas Flaring Tracker — REAL
Ukraine,2015,0.23514281751235,World Bank Global Gas Flaring Tracker — REAL
Thailand,2015,0.42713859845170005,World Bank Global Gas Flaring Tracker — REAL
Equatorial Guinea,2015,0.5780929744269999,World Bank Global Gas Flaring Tracker — REAL
Azerbaijan,2015,0.19252240627707,World Bank Global Gas Flaring Tracker — REAL
Chad,2015,0.23888610722769998,World Bank Global Gas Flaring Tracker — REAL
Tunisia,2015,0.48398227563683005,World Bank Global Gas Flaring Tracker — REAL
Brunei Darussalam,2015,0.21101820064599996,World Bank Global Gas Flaring Tracker — REAL
Peru,2015,0.22598404373866,World Bank Global Gas Flaring Tracker — REAL
Democratic Republic of the Congo,2015,0.210991851103,World Bank Global Gas Flaring Tracker — REAL
Trinidad and Tobago,2015,0.23295847884255,World Bank Global Gas Flaring Tracker — REAL
Guyana,2015,0.0,World Bank Global Gas Flaring Tracker — REAL
Norway,2015,0.3358332695865231,World Bank Global Gas Flaring Tracker — REAL
Bahrain,2015,0.0409015764268,World Bank Global Gas Flaring Tracker — REAL
Mozambique,2015,0.004725794973,World Bank Global Gas Flaring Tracker — REAL
Turkey,2015,0.016637000902,World Bank Global Gas Flaring Tracker — REAL
Bolivia,2015,0.05320396542363,World Bank Global Gas Flaring Tracker — REAL
Hungary,2015,0.0037866310169599997,World Bank Global Gas Flaring Tracker — REAL
Philippines,2015,0.16137719942999998,World Bank Global Gas Flaring Tracker — REAL
Senegal,2015,0.0,World Bank Global Gas Flaring Tracker — REAL
Cuba,2015,0.08193911797413,World Bank Global Gas Flaring Tracker — REAL
Guatemala,2015,0.033838698239,World Bank Global Gas Flaring Tracker — REAL
Denmark,2015,0.10604908023606,World Bank Global Gas Flaring Tracker — REAL
Ivory Coast,2015,0.0793920661636,World Bank Global Gas Flaring Tracker — REAL
Niger,2015,0.0526554924407,World Bank Global Gas Flaring Tracker — REAL
Israel,2015,0.0004565450167,World Bank Global Gas Flaring Tracker — REAL
Romania,2015,0.03415870708054,World Bank Global Gas Flaring Tracker — REAL
Sudan,2015,0.5444067693625,World Bank Global Gas Flaring Tracker — REAL
Timor-Leste,2015,0.086033535016,World Bank Global Gas Flaring Tracker — REAL
Bangladesh,2015,0.030508162433409997,World Bank Global Gas Flaring Tracker — REAL
Poland,2015,0.015824828731100003,World Bank Global Gas Flaring Tracker — REAL
Myanmar,2015,0.05760954661420001,World Bank Global Gas Flaring Tracker — REAL
Papua New Guinea,2015,0.0737377351793,World Bank Global Gas Flaring Tracker — REAL
New Zealand,2015,0.12762810383224002,World Bank Global Gas Flaring Tracker — REAL
Croatia,2015,0.00815266541755,World Bank Global Gas Flaring Tracker — REAL
South Africa,2015,0.023722721275,World Bank Global Gas Flaring Tracker — REAL
Belize,2015,0.0,World Bank Global Gas Flaring Tracker — REAL
France,2015,0.023619748089,World Bank Global Gas Flaring Tracker — REAL
Netherlands,2015,0.007770378499579999,World Bank Global Gas Flaring Tracker — REAL
Chile,2015,0.04769330776231001,World Bank Global Gas Flaring Tracker — REAL
Mauritania,2015,0.04181608448555,World Bank Global Gas Flaring Tracker — REAL
Jordan,2015,0.0005358391016,World Bank Global Gas Flaring Tracker — REAL
Italy,2015,0.0015973929882499998,World Bank Global Gas Flaring Tracker — REAL
Albania,2015,0.018833535477,World Bank Global Gas Flaring Tracker — REAL
Greece,2015,0.0,World Bank Global Gas Flaring Tracker — REAL
Germany,2015,0.0,World Bank Global Gas Flaring Tracker — REAL
Tanzania,2015,0.00014083638509,World Bank Global Gas Flaring Tracker — REAL
Austria,2015,0.0003773130351,World Bank Global Gas Flaring Tracker — REAL
Belarus,2015,0.00927660739219,World Bank Global Gas Flaring Tracker — REAL
Cambodia,2015,0.0,World Bank Global Gas Flaring Tracker — REAL
Cyprus,2015,0.0,World Bank Global Gas Flaring Tracker — REAL
Czechia,2015,0.0,World Bank Global Gas Flaring Tracker — REAL
Ethiopia,2015,0.0,World Bank Global Gas Flaring Tracker — REAL
Japan,2015,0.0020400904477,World Bank Global Gas Flaring Tracker — REAL
Mongolia,2015,0.0188692330453,World Bank Global Gas Flaring Tracker — REAL
Serbia,2015,0.014739094481,World Bank Global Gas Flaring Tracker — REAL
South Korea,2015,0.0,World Bank Global Gas Flaring Tracker — REAL
Spain,2015,0.010648764132000001,World Bank Global Gas Flaring Tracker — REAL
Suriname,2015,0.0,World Bank Global Gas Flaring Tracker — REAL
Sweden,2015,0.0010030540567,World Bank Global Gas Flaring Tracker — REAL
Georgia,2015,0.003093483665,World Bank Global Gas Flaring Tracker — REAL
Total,2015,147.1542447048347,World Bank Global Gas Flaring Tracker — REAL
Russian Federation,2016,22.653335424923046,World Bank Global Gas Flaring Tracker — REAL
"Iran, Islamic Rep.",2016,15.843493240419715,World Bank Global Gas Flaring Tracker — REAL
Iraq,2016,17.5515178466355,World Bank Global Gas Flaring Tracker — REAL
United States,2016,7.576103450921622,World Bank Global Gas Flaring Tracker — REAL
"Venezuela, RB",2016,9.268674349283998,World Bank Global Gas Flaring Tracker — REAL
Algeria,2016,8.549400929960719,World Bank Global Gas Flaring Tracker — REAL
Nigeria,2016,7.072805863571831,World Bank Global Gas Flaring Tracker — REAL
Libya,2016,2.330350365049101,World Bank Global Gas Flaring Tracker — REAL
Mexico,2016,4.533023796964876,World Bank Global Gas Flaring Tracker — REAL
Saudi Arabia,2016,2.0659193192370506,World Bank Global Gas Flaring Tracker — REAL
China,2016,1.6438153152748194,World Bank Global Gas Flaring Tracker — REAL
Oman,2016,2.4235303625180693,World Bank Global Gas Flaring Tracker — REAL
Angola,2016,4.414240505232099,World Bank Global Gas Flaring Tracker — REAL
"Congo, Rep.",2016,1.1210176579473998,World Bank Global Gas Flaring Tracker — REAL
Indonesia,2016,2.7070350942815087,World Bank Global Gas Flaring Tracker — REAL
"Egypt, Arab Rep.",2016,2.7994414276847595,World Bank Global Gas Flaring Tracker — REAL
Ecuador,2016,1.0841270629185,World Bank Global Gas Flaring Tracker — REAL
India,2016,1.9979948789661994,World Bank Global Gas Flaring Tracker — REAL
Canada,2016,1.12483751236358,World Bank Global Gas Flaring Tracker — REAL
Malaysia,2016,3.1005536592337,World Bank Global Gas Flaring Tracker — REAL
Argentina,2016,0.4474639568660299,World Bank Global Gas Flaring Tracker — REAL
Turkmenistan,2016,1.7552172579977,World Bank Global Gas Flaring Tracker — REAL
Gabon,2016,1.4948001894384995,World Bank Global Gas Flaring Tracker — REAL
Syrian Arab Republic,2016,0.39367900228605995,World Bank Global Gas Flaring Tracker — REAL
Kazakhstan,2016,2.57700607120871,World Bank Global Gas Flaring Tracker — REAL
Brazil,2016,1.1135975893952004,World Bank Global Gas Flaring Tracker — REAL
Qatar,2016,0.8867600945295999,World Bank Global Gas Flaring Tracker — REAL
United Arab Emirates,2016,0.7801251688268998,World Bank Global Gas Flaring Tracker — REAL
Kuwait,2016,1.1071878188147,World Bank Global Gas Flaring Tracker — REAL
Vietnam,2016,0.8327331623299998,World Bank Global Gas Flaring Tracker — REAL
Australia,2016,0.6595554711259202,World Bank Global Gas Flaring Tracker — REAL
United Kingdom,2016,1.2883773790804807,World Bank Global Gas Flaring Tracker — REAL
Cameroon,2016,1.0703819394791,World Bank Global Gas Flaring Tracker — REAL
Uzbekistan,2016,0.9881204619567701,World Bank Global Gas Flaring Tracker — REAL
Ghana,2016,0.049834730869,World Bank Global Gas Flaring Tracker — REAL
Yemen,2016,0.33689333072969996,World Bank Global Gas Flaring Tracker — REAL
Colombia,2016,0.5900840077013,World Bank Global Gas Flaring Tracker — REAL
Pakistan,2016,0.43375466991727,World Bank Global Gas Flaring Tracker — REAL
Ukraine,2016,0.24705935570029,World Bank Global Gas Flaring Tracker — REAL
Thailand,2016,0.37705357991099997,World Bank Global Gas Flaring Tracker — REAL
Equatorial Guinea,2016,0.461591305972,World Bank Global Gas Flaring Tracker — REAL
Azerbaijan,2016,0.18669795716110005,World Bank Global Gas Flaring Tracker — REAL
Chad,2016,0.266139013226,World Bank Global Gas Flaring Tracker — REAL
Tunisia,2016,0.3587371640812999,World Bank Global Gas Flaring Tracker — REAL
Brunei Darussalam,2016,0.25987193344910003,World Bank Global Gas Flaring Tracker — REAL
Peru,2016,0.12217003324100001,World Bank Global Gas Flaring Tracker — REAL
Democratic Republic of the Congo,2016,0.209190347983,World Bank Global Gas Flaring Tracker — REAL
Trinidad and Tobago,2016,0.1882034138251,World Bank Global Gas Flaring Tracker — REAL
Guyana,2016,0.0,World Bank Global Gas Flaring Tracker — REAL
Norway,2016,0.2893194853327001,World Bank Global Gas Flaring Tracker — REAL
Bahrain,2016,0.1011561970586,World Bank Global Gas Flaring Tracker — REAL
Mozambique,2016,0.0023773493701,World Bank Global Gas Flaring Tracker — REAL
Turkey,2016,0.027084981749,World Bank Global Gas Flaring Tracker — REAL
Bolivia,2016,0.0316676777798,World Bank Global Gas Flaring Tracker — REAL
Hungary,2016,0.0039279157245000005,World Bank Global Gas Flaring Tracker — REAL
Philippines,2016,0.17058290479,World Bank Global Gas Flaring Tracker — REAL
Senegal,2016,0.0,World Bank Global Gas Flaring Tracker — REAL
Cuba,2016,0.043523366221,World Bank Global Gas Flaring Tracker — REAL
Guatemala,2016,0.056681641002,World Bank Global Gas Flaring Tracker — REAL
Denmark,2016,0.138011700576,World Bank Global Gas Flaring Tracker — REAL
Ivory Coast,2016,0.096485130886,World Bank Global Gas Flaring Tracker — REAL
Niger,2016,0.045804828145999996,World Bank Global Gas Flaring Tracker — REAL
Israel,2016,0.0,World Bank Global Gas Flaring Tracker — REAL
Romania,2016,0.0200286643787,World Bank Global Gas Flaring Tracker — REAL
Sudan,2016,0.38636561369,World Bank Global Gas Flaring Tracker — REAL
Timor-Leste,2016,0.07110118484,World Bank Global Gas Flaring Tracker — REAL
Bangladesh,2016,0.0139784064069,World Bank Global Gas Flaring Tracker — REAL
Poland,2016,0.036030402428600006,World Bank Global Gas Flaring Tracker — REAL
Myanmar,2016,0.043464865692,World Bank Global Gas Flaring Tracker — REAL
Papua New Guinea,2016,0.09371790616400001,World Bank Global Gas Flaring Tracker — REAL
New Zealand,2016,0.09802189839509999,World Bank Global Gas Flaring Tracker — REAL
Croatia,2016,0.013199574452,World Bank Global Gas Flaring Tracker — REAL
South Africa,2016,0.022079825601,World Bank Global Gas Flaring Tracker — REAL
Belize,2016,0.0,World Bank Global Gas Flaring Tracker — REAL
France,2016,0.013994189515,World Bank Global Gas Flaring Tracker — REAL
Netherlands,2016,0.0043686363429999995,World Bank Global Gas Flaring Tracker — REAL
Chile,2016,0.0533473339318,World Bank Global Gas Flaring Tracker — REAL
Mauritania,2016,0.04873155707,World Bank Global Gas Flaring Tracker — REAL
Jordan,2016,0.0,World Bank Global Gas Flaring Tracker — REAL
Italy,2016,0.0015673445291999998,World Bank Global Gas Flaring Tracker — REAL
Albania,2016,0.021211123566,World Bank Global Gas Flaring Tracker — REAL
Greece,2016,0.0,World Bank Global Gas Flaring Tracker — REAL
Germany,2016,0.0,World Bank Global Gas Flaring Tracker — REAL
Tanzania,2016,0.0,World Bank Global Gas Flaring Tracker — REAL
Austria,2016,0.0,World Bank Global Gas Flaring Tracker — REAL
Belarus,2016,0.00397703797,World Bank Global Gas Flaring Tracker — REAL
Cambodia,2016,0.0,World Bank Global Gas Flaring Tracker — REAL
Cyprus,2016,0.0,World Bank Global Gas Flaring Tracker — REAL
Czechia,2016,0.0,World Bank Global Gas Flaring Tracker — REAL
Ethiopia,2016,0.0,World Bank Global Gas Flaring Tracker — REAL
Japan,2016,0.0018225835407,World Bank Global Gas Flaring Tracker — REAL
Mongolia,2016,0.0088289450403,World Bank Global Gas Flaring Tracker — REAL
Serbia,2016,0.004774441568,World Bank Global Gas Flaring Tracker — REAL
South Korea,2016,0.0,World Bank Global Gas Flaring Tracker — REAL
Spain,2016,0.0025368976016,World Bank Global Gas Flaring Tracker — REAL
Suriname,2016,0.0,World Bank Global Gas Flaring Tracker — REAL
Sweden,2016,0.0,World Bank Global Gas Flaring Tracker — REAL
Georgia,2016,0.0025697318674,World Bank Global Gas Flaring Tracker — REAL
Total,2016,141.3158458137179,World Bank Global Gas Flaring Tracker — REAL
Russian Federation,2017,20.064052979251265,World Bank Global Gas Flaring Tracker — REAL
"Iran, Islamic Rep.",2017,17.67036518045014,World Bank Global Gas Flaring Tracker — REAL
Iraq,2017,17.843043015014285,World Bank Global Gas Flaring Tracker — REAL
United States,2017,9.516356409535659,World Bank Global Gas Flaring Tracker — REAL
"Venezuela, RB",2017,6.997264307766249,World Bank Global Gas Flaring Tracker — REAL
Algeria,2017,8.803132715104352,World Bank Global Gas Flaring Tracker — REAL
Nigeria,2017,7.646269381376192,World Bank Global Gas Flaring Tracker — REAL
Libya,2017,3.9084649907512397,World Bank Global Gas Flaring Tracker — REAL
Mexico,2017,3.7889680092958717,World Bank Global Gas Flaring Tracker — REAL
Saudi Arabia,2017,2.3150546282904996,World Bank Global Gas Flaring Tracker — REAL
China,2017,1.579394720305691,World Bank Global Gas Flaring Tracker — REAL
Oman,2017,2.60101582838083,World Bank Global Gas Flaring Tracker — REAL
Angola,2017,3.8003755100089003,World Bank Global Gas Flaring Tracker — REAL
"Congo, Rep.",2017,1.1367066911500499,World Bank Global Gas Flaring Tracker — REAL
Indonesia,2017,2.333521285395992,World Bank Global Gas Flaring Tracker — REAL
"Egypt, Arab Rep.",2017,2.33558328462648,World Bank Global Gas Flaring Tracker — REAL
Ecuador,2017,1.0684210768907,World Bank Global Gas Flaring Tracker — REAL
India,2017,1.5016433834817005,World Bank Global Gas Flaring Tracker — REAL
Canada,2017,1.3428123124030082,World Bank Global Gas Flaring Tracker — REAL
Malaysia,2017,2.8817312728268796,World Bank Global Gas Flaring Tracker — REAL
Argentina,2017,0.5105424161437502,World Bank Global Gas Flaring Tracker — REAL
Turkmenistan,2017,1.6654140525440695,World Bank Global Gas Flaring Tracker — REAL
Gabon,2017,1.5028300225362001,World Bank Global Gas Flaring Tracker — REAL
Syrian Arab Republic,2017,1.19065417651985,World Bank Global Gas Flaring Tracker — REAL
Kazakhstan,2017,2.4222595722284606,World Bank Global Gas Flaring Tracker — REAL
Brazil,2017,1.1047970342829703,World Bank Global Gas Flaring Tracker — REAL
Qatar,2017,0.9978062383853401,World Bank Global Gas Flaring Tracker — REAL
United Arab Emirates,2017,0.9762659590832399,World Bank Global Gas Flaring Tracker — REAL
Kuwait,2017,0.7908878660247998,World Bank Global Gas Flaring Tracker — REAL
Vietnam,2017,0.9217208824441,World Bank Global Gas Flaring Tracker — REAL
Australia,2017,0.65591924702303,World Bank Global Gas Flaring Tracker — REAL
United Kingdom,2017,1.3548489154179402,World Bank Global Gas Flaring Tracker — REAL
Cameroon,2017,1.04338808969567,World Bank Global Gas Flaring Tracker — REAL
Uzbekistan,2017,0.8491501000325501,World Bank Global Gas Flaring Tracker — REAL
Ghana,2017,0.323211225246,World Bank Global Gas Flaring Tracker — REAL
Yemen,2017,0.40711018159455,World Bank Global Gas Flaring Tracker — REAL
Colombia,2017,0.5497593291781302,World Bank Global Gas Flaring Tracker — REAL
Pakistan,2017,0.36265288627606995,World Bank Global Gas Flaring Tracker — REAL
Ukraine,2017,0.15571413251321506,World Bank Global Gas Flaring Tracker — REAL
Thailand,2017,0.37236834798060015,World Bank Global Gas Flaring Tracker — REAL
Equatorial Guinea,2017,0.3055474058594,World Bank Global Gas Flaring Tracker — REAL
Azerbaijan,2017,0.1512907717579,World Bank Global Gas Flaring Tracker — REAL
Chad,2017,0.23355914694170002,World Bank Global Gas Flaring Tracker — REAL
Tunisia,2017,0.28120476805548,World Bank Global Gas Flaring Tracker — REAL
Brunei Darussalam,2017,0.29774061740280006,World Bank Global Gas Flaring Tracker — REAL
Peru,2017,0.0941089967301,World Bank Global Gas Flaring Tracker — REAL
Democratic Republic of the Congo,2017,0.18584954656146999,World Bank Global Gas Flaring Tracker — REAL
Trinidad and Tobago,2017,0.1966339505964,World Bank Global Gas Flaring Tracker — REAL
Guyana,2017,0.0,World Bank Global Gas Flaring Tracker — REAL
Norway,2017,0.2146270895088401,World Bank Global Gas Flaring Tracker — REAL
Bahrain,2017,0.13162575318383,World Bank Global Gas Flaring Tracker — REAL
Mozambique,2017,0.011932428924400001,World Bank Global Gas Flaring Tracker — REAL
Turkey,2017,0.019102433399,World Bank Global Gas Flaring Tracker — REAL
Bolivia,2017,0.0264303834313,World Bank Global Gas Flaring Tracker — REAL
Hungary,2017,0.0063020274587,World Bank Global Gas Flaring Tracker — REAL
Philippines,2017,0.132062141006,World Bank Global Gas Flaring Tracker — REAL
Senegal,2017,0.0060393063675,World Bank Global Gas Flaring Tracker — REAL
Cuba,2017,0.0039324742454,World Bank Global Gas Flaring Tracker — REAL
Guatemala,2017,0.070624903062,World Bank Global Gas Flaring Tracker — REAL
Denmark,2017,0.10909348308260002,World Bank Global Gas Flaring Tracker — REAL
Ivory Coast,2017,0.0752857426494,World Bank Global Gas Flaring Tracker — REAL
Niger,2017,0.039221566659,World Bank Global Gas Flaring Tracker — REAL
Israel,2017,0.0026956697397799998,World Bank Global Gas Flaring Tracker — REAL
Romania,2017,0.009601331076400002,World Bank Global Gas Flaring Tracker — REAL
Sudan,2017,0.382996358938,World Bank Global Gas Flaring Tracker — REAL
Timor-Leste,2017,0.07450525225,World Bank Global Gas Flaring Tracker — REAL
Bangladesh,2017,0.0064786708774,World Bank Global Gas Flaring Tracker — REAL
Poland,2017,0.03081760932273,World Bank Global Gas Flaring Tracker — REAL
Myanmar,2017,0.036071156133800006,World Bank Global Gas Flaring Tracker — REAL
Papua New Guinea,2017,0.050142203544,World Bank Global Gas Flaring Tracker — REAL
New Zealand,2017,0.09957720760724001,World Bank Global Gas Flaring Tracker — REAL
Croatia,2017,0.0065773791458,World Bank Global Gas Flaring Tracker — REAL
South Africa,2017,0.015817597875,World Bank Global Gas Flaring Tracker — REAL
Belize,2017,0.0,World Bank Global Gas Flaring Tracker — REAL
France,2017,0.012544569008190001,World Bank Global Gas Flaring Tracker — REAL
Netherlands,2017,0.0077431893115,World Bank Global Gas Flaring Tracker — REAL
Chile,2017,0.03075260416893,World Bank Global Gas Flaring Tracker — REAL
Mauritania,2017,0.0397280086445,World Bank Global Gas Flaring Tracker — REAL
Jordan,2017,0.0,World Bank Global Gas Flaring Tracker — REAL
Italy,2017,0.00059425295265,World Bank Global Gas Flaring Tracker — REAL
Albania,2017,0.01636341691,World Bank Global Gas Flaring Tracker — REAL
Greece,2017,0.0010121442754,World Bank Global Gas Flaring Tracker — REAL
Germany,2017,0.000626040784,World Bank Global Gas Flaring Tracker — REAL
Tanzania,2017,0.0,World Bank Global Gas Flaring Tracker — REAL
Austria,2017,0.0,World Bank Global Gas Flaring Tracker — REAL
Belarus,2017,0.0049060134552,World Bank Global Gas Flaring Tracker — REAL
Cambodia,2017,0.0,World Bank Global Gas Flaring Tracker — REAL
Cyprus,2017,0.0,World Bank Global Gas Flaring Tracker — REAL
Czechia,2017,0.0005314037767,World Bank Global Gas Flaring Tracker — REAL
Ethiopia,2017,0.0015646293767,World Bank Global Gas Flaring Tracker — REAL
Japan,2017,0.0,World Bank Global Gas Flaring Tracker — REAL
Mongolia,2017,0.0032260532062,World Bank Global Gas Flaring Tracker — REAL
Serbia,2017,0.0,World Bank Global Gas Flaring Tracker — REAL
South Korea,2017,0.0,World Bank Global Gas Flaring Tracker — REAL
Spain,2017,0.005864259752,World Bank Global Gas Flaring Tracker — REAL
Suriname,2017,0.0,World Bank Global Gas Flaring Tracker — REAL
Sweden,2017,0.0005879963607,World Bank Global Gas Flaring Tracker — REAL
Georgia,2017,0.0,World Bank Global Gas Flaring Tracker — REAL
Total,2017,140.72501761283263,World Bank Global Gas Flaring Tracker — REAL
Russian Federation,2018,21.104059349766334,World Bank Global Gas Flaring Tracker — REAL
"Iran, Islamic Rep.",2018,17.254739884937166,World Bank Global Gas Flaring Tracker — REAL
Iraq,2018,17.7671364458478,World Bank Global Gas Flaring Tracker — REAL
United States,2018,14.102147111539212,World Bank Global Gas Flaring Tracker — REAL
"Venezuela, RB",2018,8.294553421729997,World Bank Global Gas Flaring Tracker — REAL
Algeria,2018,8.718713288678071,World Bank Global Gas Flaring Tracker — REAL
Nigeria,2018,7.538875791284305,World Bank Global Gas Flaring Tracker — REAL
Libya,2018,4.68212276905864,World Bank Global Gas Flaring Tracker — REAL
Mexico,2018,3.915116962621231,World Bank Global Gas Flaring Tracker — REAL
Saudi Arabia,2018,2.3070325810760477,World Bank Global Gas Flaring Tracker — REAL
China,2018,1.8129558955396925,World Bank Global Gas Flaring Tracker — REAL
Oman,2018,2.3955991129384397,World Bank Global Gas Flaring Tracker — REAL
Angola,2018,2.7932380286543,World Bank Global Gas Flaring Tracker — REAL
"Congo, Rep.",2018,1.5828840367529995,World Bank Global Gas Flaring Tracker — REAL
Indonesia,2018,2.0991596412302003,World Bank Global Gas Flaring Tracker — REAL
"Egypt, Arab Rep.",2018,2.267954133774451,World Bank Global Gas Flaring Tracker — REAL
Ecuador,2018,0.8676521134136002,World Bank Global Gas Flaring Tracker — REAL
India,2018,1.32430043494631,World Bank Global Gas Flaring Tracker — REAL
Canada,2018,1.3715197354363302,World Bank Global Gas Flaring Tracker — REAL
Malaysia,2018,2.1580492677276,World Bank Global Gas Flaring Tracker — REAL
Argentina,2018,0.7227550896076197,World Bank Global Gas Flaring Tracker — REAL
Turkmenistan,2018,1.4901416003456096,World Bank Global Gas Flaring Tracker — REAL
Gabon,2018,1.3517121722366001,World Bank Global Gas Flaring Tracker — REAL
Syrian Arab Republic,2018,0.7124801347730398,World Bank Global Gas Flaring Tracker — REAL
Kazakhstan,2018,2.082905438966597,World Bank Global Gas Flaring Tracker — REAL
Brazil,2018,1.01393315494551,World Bank Global Gas Flaring Tracker — REAL
Qatar,2018,0.9720578196606997,World Bank Global Gas Flaring Tracker — REAL
United Arab Emirates,2018,1.2111140840204098,World Bank Global Gas Flaring Tracker — REAL
Kuwait,2018,0.8705252349536998,World Bank Global Gas Flaring Tracker — REAL
Vietnam,2018,0.7303219572093,World Bank Global Gas Flaring Tracker — REAL
Australia,2018,0.87447719929757,World Bank Global Gas Flaring Tracker — REAL
United Kingdom,2018,1.2602649290289003,World Bank Global Gas Flaring Tracker — REAL
Cameroon,2018,1.0687032414090998,World Bank Global Gas Flaring Tracker — REAL
Uzbekistan,2018,0.7902244923342201,World Bank Global Gas Flaring Tracker — REAL
Ghana,2018,0.1866525598113,World Bank Global Gas Flaring Tracker — REAL
Yemen,2018,0.49399375978900006,World Bank Global Gas Flaring Tracker — REAL
Colombia,2018,0.5558596748156,World Bank Global Gas Flaring Tracker — REAL
Pakistan,2018,0.30577243945978005,World Bank Global Gas Flaring Tracker — REAL
Ukraine,2018,0.16303894661776,World Bank Global Gas Flaring Tracker — REAL
Thailand,2018,0.32621058229789995,World Bank Global Gas Flaring Tracker — REAL
Equatorial Guinea,2018,0.32909770521899995,World Bank Global Gas Flaring Tracker — REAL
Azerbaijan,2018,0.19697454813190002,World Bank Global Gas Flaring Tracker — REAL
Chad,2018,0.2112478024885,World Bank Global Gas Flaring Tracker — REAL
Tunisia,2018,0.292275482133,World Bank Global Gas Flaring Tracker — REAL
Brunei Darussalam,2018,0.21910737644500003,World Bank Global Gas Flaring Tracker — REAL
Peru,2018,0.09615795060679999,World Bank Global Gas Flaring Tracker — REAL
Democratic Republic of the Congo,2018,0.1560589963605,World Bank Global Gas Flaring Tracker — REAL
Trinidad and Tobago,2018,0.19365971677719995,World Bank Global Gas Flaring Tracker — REAL
Guyana,2018,0.0,World Bank Global Gas Flaring Tracker — REAL
Norway,2018,0.19493959798443997,World Bank Global Gas Flaring Tracker — REAL
Bahrain,2018,0.07588538921579999,World Bank Global Gas Flaring Tracker — REAL
Mozambique,2018,0.006960523854800001,World Bank Global Gas Flaring Tracker — REAL
Turkey,2018,0.0124389266806,World Bank Global Gas Flaring Tracker — REAL
Bolivia,2018,0.0272450377874,World Bank Global Gas Flaring Tracker — REAL
Hungary,2018,0.04865686072972,World Bank Global Gas Flaring Tracker — REAL
Philippines,2018,0.10930508298899999,World Bank Global Gas Flaring Tracker — REAL
Senegal,2018,0.0,World Bank Global Gas Flaring Tracker — REAL
Cuba,2018,0.0141970539686,World Bank Global Gas Flaring Tracker — REAL
Guatemala,2018,0.0597774109177,World Bank Global Gas Flaring Tracker — REAL
Denmark,2018,0.1098577089847,World Bank Global Gas Flaring Tracker — REAL
Ivory Coast,2018,0.051795655098699996,World Bank Global Gas Flaring Tracker — REAL
Niger,2018,0.032673646183999996,World Bank Global Gas Flaring Tracker — REAL
Israel,2018,0.00025065172466,World Bank Global Gas Flaring Tracker — REAL
Romania,2018,0.01591511793396,World Bank Global Gas Flaring Tracker — REAL
Sudan,2018,0.3640074247841,World Bank Global Gas Flaring Tracker — REAL
Timor-Leste,2018,0.063148693962,World Bank Global Gas Flaring Tracker — REAL
Bangladesh,2018,0.010081493321,World Bank Global Gas Flaring Tracker — REAL
Poland,2018,0.04652390091526,World Bank Global Gas Flaring Tracker — REAL
Myanmar,2018,0.02414548427,World Bank Global Gas Flaring Tracker — REAL
Papua New Guinea,2018,0.04696255596315,World Bank Global Gas Flaring Tracker — REAL
New Zealand,2018,0.06387388213528,World Bank Global Gas Flaring Tracker — REAL
Croatia,2018,0.022293398028999996,World Bank Global Gas Flaring Tracker — REAL
South Africa,2018,0.03039238973,World Bank Global Gas Flaring Tracker — REAL
Belize,2018,0.0,World Bank Global Gas Flaring Tracker — REAL
France,2018,0.0083215989824,World Bank Global Gas Flaring Tracker — REAL
Netherlands,2018,0.0068027837681,World Bank Global Gas Flaring Tracker — REAL
Chile,2018,0.047196772943110005,World Bank Global Gas Flaring Tracker — REAL
Mauritania,2018,0.0,World Bank Global Gas Flaring Tracker — REAL
Jordan,2018,0.0,World Bank Global Gas Flaring Tracker — REAL
Italy,2018,0.0009347022555,World Bank Global Gas Flaring Tracker — REAL
Albania,2018,0.007371917891,World Bank Global Gas Flaring Tracker — REAL
Greece,2018,0.0,World Bank Global Gas Flaring Tracker — REAL
Germany,2018,0.0045647760243,World Bank Global Gas Flaring Tracker — REAL
Tanzania,2018,0.0,World Bank Global Gas Flaring Tracker — REAL
Austria,2018,0.0,World Bank Global Gas Flaring Tracker — REAL
Belarus,2018,0.005736632908,World Bank Global Gas Flaring Tracker — REAL
Cambodia,2018,0.0,World Bank Global Gas Flaring Tracker — REAL
Cyprus,2018,0.0,World Bank Global Gas Flaring Tracker — REAL
Czechia,2018,0.0008140555549,World Bank Global Gas Flaring Tracker — REAL
Ethiopia,2018,0.004109331941,World Bank Global Gas Flaring Tracker — REAL
Japan,2018,0.0,World Bank Global Gas Flaring Tracker — REAL
Mongolia,2018,0.0013337827082,World Bank Global Gas Flaring Tracker — REAL
Serbia,2018,0.0,World Bank Global Gas Flaring Tracker — REAL
South Korea,2018,0.0,World Bank Global Gas Flaring Tracker — REAL
Spain,2018,0.00679081655,World Bank Global Gas Flaring Tracker — REAL
Suriname,2018,0.0,World Bank Global Gas Flaring Tracker — REAL
Sweden,2018,0.0008607297602,World Bank Global Gas Flaring Tracker — REAL
Georgia,2018,0.0,World Bank Global Gas Flaring Tracker — REAL
Total,2018,144.76169988514542,World Bank Global Gas Flaring Tracker — REAL
Russian Federation,2019,23.212170054174017,World Bank Global Gas Flaring Tracker — REAL
"Iran, Islamic Rep.",2019,13.810341378967612,World Bank Global Gas Flaring Tracker — REAL
Iraq,2019,17.91421899628831,World Bank Global Gas Flaring Tracker — REAL
United States,2019,17.24388934624498,World Bank Global Gas Flaring Tracker — REAL
"Venezuela, RB",2019,9.541420482995992,World Bank Global Gas Flaring Tracker — REAL
Algeria,2019,9.028573858994013,World Bank Global Gas Flaring Tracker — REAL
Nigeria,2019,7.7596627317128,World Bank Global Gas Flaring Tracker — REAL
Libya,2019,5.124059509353399,World Bank Global Gas Flaring Tracker — REAL
Mexico,2019,4.4839645529829,World Bank Global Gas Flaring Tracker — REAL
Saudi Arabia,2019,2.1004555438918997,World Bank Global Gas Flaring Tracker — REAL
China,2019,2.0421543434831193,World Bank Global Gas Flaring Tracker — REAL
Oman,2019,2.6311697229311197,World Bank Global Gas Flaring Tracker — REAL
Angola,2019,2.3250940294095,World Bank Global Gas Flaring Tracker — REAL
"Congo, Rep.",2019,1.6749312899172397,World Bank Global Gas Flaring Tracker — REAL
Indonesia,2019,2.0126206599175007,World Bank Global Gas Flaring Tracker — REAL
"Egypt, Arab Rep.",2019,2.32111004740029,World Bank Global Gas Flaring Tracker — REAL
Ecuador,2019,0.9189808444706998,World Bank Global Gas Flaring Tracker — REAL
India,2019,1.3054112549082,World Bank Global Gas Flaring Tracker — REAL
Canada,2019,1.05210354077441,World Bank Global Gas Flaring Tracker — REAL
Malaysia,2019,2.073319358769699,World Bank Global Gas Flaring Tracker — REAL
Argentina,2019,0.9418301172854399,World Bank Global Gas Flaring Tracker — REAL
Turkmenistan,2019,1.3444046900512001,World Bank Global Gas Flaring Tracker — REAL
Gabon,2019,1.4574003227949,World Bank Global Gas Flaring Tracker — REAL
Syrian Arab Republic,2019,0.9316135097572001,World Bank Global Gas Flaring Tracker — REAL
Kazakhstan,2019,1.56707450596299,World Bank Global Gas Flaring Tracker — REAL
Brazil,2019,1.1355087761405998,World Bank Global Gas Flaring Tracker — REAL
Qatar,2019,0.8511643630661999,World Bank Global Gas Flaring Tracker — REAL
United Arab Emirates,2019,0.9002722608197999,World Bank Global Gas Flaring Tracker — REAL
Kuwait,2019,0.7309903573075999,World Bank Global Gas Flaring Tracker — REAL
Vietnam,2019,0.7726665245621,World Bank Global Gas Flaring Tracker — REAL
Australia,2019,1.3708892180263001,World Bank Global Gas Flaring Tracker — REAL
United Kingdom,2019,1.1109438962065998,World Bank Global Gas Flaring Tracker — REAL
Cameroon,2019,1.044342579102,World Bank Global Gas Flaring Tracker — REAL
Uzbekistan,2019,0.6235254608534001,World Bank Global Gas Flaring Tracker — REAL
Ghana,2019,0.138614757961,World Bank Global Gas Flaring Tracker — REAL
Yemen,2019,0.7144069602097,World Bank Global Gas Flaring Tracker — REAL
Colombia,2019,0.5337483240925999,World Bank Global Gas Flaring Tracker — REAL
Pakistan,2019,0.24609255535222999,World Bank Global Gas Flaring Tracker — REAL
Ukraine,2019,0.1148848652062,World Bank Global Gas Flaring Tracker — REAL
Thailand,2019,0.3145636171690999,World Bank Global Gas Flaring Tracker — REAL
Equatorial Guinea,2019,0.28419923900699995,World Bank Global Gas Flaring Tracker — REAL
Azerbaijan,2019,0.22273190249679997,World Bank Global Gas Flaring Tracker — REAL
Chad,2019,0.169994142316,World Bank Global Gas Flaring Tracker — REAL
Tunisia,2019,0.2465580877681,World Bank Global Gas Flaring Tracker — REAL
Brunei Darussalam,2019,0.306594374534,World Bank Global Gas Flaring Tracker — REAL
Peru,2019,0.0595609824428,World Bank Global Gas Flaring Tracker — REAL
Democratic Republic of the Congo,2019,0.19971079663300004,World Bank Global Gas Flaring Tracker — REAL
Trinidad and Tobago,2019,0.1850575031148,World Bank Global Gas Flaring Tracker — REAL
Guyana,2019,0.0,World Bank Global Gas Flaring Tracker — REAL
Norway,2019,0.12931459218695998,World Bank Global Gas Flaring Tracker — REAL
Bahrain,2019,0.17064712034809998,World Bank Global Gas Flaring Tracker — REAL
Mozambique,2019,0.0010320368035,World Bank Global Gas Flaring Tracker — REAL
Turkey,2019,0.019862998982000002,World Bank Global Gas Flaring Tracker — REAL
Bolivia,2019,0.028928596714200002,World Bank Global Gas Flaring Tracker — REAL
Hungary,2019,0.12118636137560002,World Bank Global Gas Flaring Tracker — REAL
Philippines,2019,0.084027923157,World Bank Global Gas Flaring Tracker — REAL
Senegal,2019,0.0,World Bank Global Gas Flaring Tracker — REAL
Cuba,2019,0.016404158874,World Bank Global Gas Flaring Tracker — REAL
Guatemala,2019,0.061840372046,World Bank Global Gas Flaring Tracker — REAL
Denmark,2019,0.0694682128734,World Bank Global Gas Flaring Tracker — REAL
Ivory Coast,2019,0.049298568971,World Bank Global Gas Flaring Tracker — REAL
Niger,2019,0.029814399807,World Bank Global Gas Flaring Tracker — REAL
Israel,2019,0.0,World Bank Global Gas Flaring Tracker — REAL
Romania,2019,0.012055599983000001,World Bank Global Gas Flaring Tracker — REAL
Sudan,2019,0.2781486728287,World Bank Global Gas Flaring Tracker — REAL
Timor-Leste,2019,0.037697382781,World Bank Global Gas Flaring Tracker — REAL
Bangladesh,2019,0.014166080683,World Bank Global Gas Flaring Tracker — REAL
Poland,2019,0.0357026585718,World Bank Global Gas Flaring Tracker — REAL
Myanmar,2019,0.022900268368700002,World Bank Global Gas Flaring Tracker — REAL
Papua New Guinea,2019,0.0341201268004,World Bank Global Gas Flaring Tracker — REAL
New Zealand,2019,0.0475414338144,World Bank Global Gas Flaring Tracker — REAL
Croatia,2019,0.0047517986638,World Bank Global Gas Flaring Tracker — REAL
South Africa,2019,0.022183324279,World Bank Global Gas Flaring Tracker — REAL
Belize,2019,0.0,World Bank Global Gas Flaring Tracker — REAL
France,2019,0.011053224386,World Bank Global Gas Flaring Tracker — REAL
Netherlands,2019,0.0030902221987,World Bank Global Gas Flaring Tracker — REAL
Chile,2019,0.0244451373058,World Bank Global Gas Flaring Tracker — REAL
Mauritania,2019,0.0,World Bank Global Gas Flaring Tracker — REAL
Jordan,2019,0.0004341954466,World Bank Global Gas Flaring Tracker — REAL
Italy,2019,0.0010509107825,World Bank Global Gas Flaring Tracker — REAL
Albania,2019,0.0023796330335,World Bank Global Gas Flaring Tracker — REAL
Greece,2019,0.0005913543439,World Bank Global Gas Flaring Tracker — REAL
Germany,2019,0.0,World Bank Global Gas Flaring Tracker — REAL
Tanzania,2019,0.0,World Bank Global Gas Flaring Tracker — REAL
Austria,2019,0.0,World Bank Global Gas Flaring Tracker — REAL
Belarus,2019,0.003875916885,World Bank Global Gas Flaring Tracker — REAL
Cambodia,2019,0.0,World Bank Global Gas Flaring Tracker — REAL
Cyprus,2019,0.0,World Bank Global Gas Flaring Tracker — REAL
Czechia,2019,0.001960692341,World Bank Global Gas Flaring Tracker — REAL
Ethiopia,2019,0.0,World Bank Global Gas Flaring Tracker — REAL
Japan,2019,0.0,World Bank Global Gas Flaring Tracker — REAL
Mongolia,2019,0.0,World Bank Global Gas Flaring Tracker — REAL
Serbia,2019,0.0,World Bank Global Gas Flaring Tracker — REAL
South Korea,2019,0.0,World Bank Global Gas Flaring Tracker — REAL
Spain,2019,0.0,World Bank Global Gas Flaring Tracker — REAL
Suriname,2019,0.0,World Bank Global Gas Flaring Tracker — REAL
Sweden,2019,0.0,World Bank Global Gas Flaring Tracker — REAL
Georgia,2019,0.0,World Bank Global Gas Flaring Tracker — REAL
Total,2019,148.4349702134629,World Bank Global Gas Flaring Tracker — REAL
Russian Federation,2020,24.128786655330387,World Bank Global Gas Flaring Tracker — REAL
"Iran, Islamic Rep.",2020,13.258052311355211,World Bank Global Gas Flaring Tracker — REAL
Iraq,2020,17.37378559354665,World Bank Global Gas Flaring Tracker — REAL
United States,2020,11.795554943353629,World Bank Global Gas Flaring Tracker — REAL
"Venezuela, RB",2020,8.58874260880219,World Bank Global Gas Flaring Tracker — REAL
Algeria,2020,9.324211187827572,World Bank Global Gas Flaring Tracker — REAL
Nigeria,2020,7.194656336396312,World Bank Global Gas Flaring Tracker — REAL
Libya,2020,2.4736869472708913,World Bank Global Gas Flaring Tracker — REAL
Mexico,2020,5.7670595371532665,World Bank Global Gas Flaring Tracker — REAL
Saudi Arabia,2020,2.264112759265026,World Bank Global Gas Flaring Tracker — REAL
China,2020,2.7498279995911323,World Bank Global Gas Flaring Tracker — REAL
Oman,2020,2.5167812524720508,World Bank Global Gas Flaring Tracker — REAL
Angola,2020,1.8663450266758397,World Bank Global Gas Flaring Tracker — REAL
"Congo, Rep.",2020,1.7888856773517001,World Bank Global Gas Flaring Tracker — REAL
Indonesia,2020,1.874979573841858,World Bank Global Gas Flaring Tracker — REAL
"Egypt, Arab Rep.",2020,2.3598760785413955,World Bank Global Gas Flaring Tracker — REAL
Ecuador,2020,1.0363113722839001,World Bank Global Gas Flaring Tracker — REAL
India,2020,1.492548752491729,World Bank Global Gas Flaring Tracker — REAL
Canada,2020,1.0776130970546034,World Bank Global Gas Flaring Tracker — REAL
Malaysia,2020,2.4226853809358997,World Bank Global Gas Flaring Tracker — REAL
Argentina,2020,1.0566833910025069,World Bank Global Gas Flaring Tracker — REAL
Turkmenistan,2020,1.66731050555104,World Bank Global Gas Flaring Tracker — REAL
Gabon,2020,1.4679113632214205,World Bank Global Gas Flaring Tracker — REAL
Syrian Arab Republic,2020,0.9776866701138799,World Bank Global Gas Flaring Tracker — REAL
Kazakhstan,2020,1.4763298224366932,World Bank Global Gas Flaring Tracker — REAL
Brazil,2020,0.9938954069874298,World Bank Global Gas Flaring Tracker — REAL
Qatar,2020,0.9558912357205068,World Bank Global Gas Flaring Tracker — REAL
United Arab Emirates,2020,0.9554245782334999,World Bank Global Gas Flaring Tracker — REAL
Kuwait,2020,0.7389162191439994,World Bank Global Gas Flaring Tracker — REAL
Vietnam,2020,0.6684893431612,World Bank Global Gas Flaring Tracker — REAL
Australia,2020,0.9772242661407503,World Bank Global Gas Flaring Tracker — REAL
United Kingdom,2020,1.0646862892296998,World Bank Global Gas Flaring Tracker — REAL
Cameroon,2020,0.9004399280911,World Bank Global Gas Flaring Tracker — REAL
Uzbekistan,2020,0.55085128719583,World Bank Global Gas Flaring Tracker — REAL
Ghana,2020,0.35327583002499996,World Bank Global Gas Flaring Tracker — REAL
Yemen,2020,0.8720945402632999,World Bank Global Gas Flaring Tracker — REAL
Colombia,2020,0.38991400627864,World Bank Global Gas Flaring Tracker — REAL
Pakistan,2020,0.24147439150446995,World Bank Global Gas Flaring Tracker — REAL
Ukraine,2020,0.09851933898962002,World Bank Global Gas Flaring Tracker — REAL
Thailand,2020,0.32254046402173286,World Bank Global Gas Flaring Tracker — REAL
Equatorial Guinea,2020,0.4323923446454,World Bank Global Gas Flaring Tracker — REAL
Azerbaijan,2020,0.1351297232358,World Bank Global Gas Flaring Tracker — REAL
Chad,2020,0.1497024633161,World Bank Global Gas Flaring Tracker — REAL
Tunisia,2020,0.23349651439089,World Bank Global Gas Flaring Tracker — REAL
Brunei Darussalam,2020,0.15202210175289996,World Bank Global Gas Flaring Tracker — REAL
Peru,2020,0.08285979909430999,World Bank Global Gas Flaring Tracker — REAL
Democratic Republic of the Congo,2020,0.2322263827826,World Bank Global Gas Flaring Tracker — REAL
Trinidad and Tobago,2020,0.20001190117464998,World Bank Global Gas Flaring Tracker — REAL
Guyana,2020,0.28092611533,World Bank Global Gas Flaring Tracker — REAL
Norway,2020,0.125517799559902,World Bank Global Gas Flaring Tracker — REAL
Bahrain,2020,0.23615561528268,World Bank Global Gas Flaring Tracker — REAL
Mozambique,2020,0.00016908414061,World Bank Global Gas Flaring Tracker — REAL
Turkey,2020,0.0093834848516,World Bank Global Gas Flaring Tracker — REAL
Bolivia,2020,0.0479503093632,World Bank Global Gas Flaring Tracker — REAL
Hungary,2020,0.11397687212599,World Bank Global Gas Flaring Tracker — REAL
Philippines,2020,0.079319261662,World Bank Global Gas Flaring Tracker — REAL
Senegal,2020,0.0,World Bank Global Gas Flaring Tracker — REAL
Cuba,2020,0.0143875520033,World Bank Global Gas Flaring Tracker — REAL
Guatemala,2020,0.060268254719,World Bank Global Gas Flaring Tracker — REAL
Denmark,2020,0.056021700438299994,World Bank Global Gas Flaring Tracker — REAL
Ivory Coast,2020,0.047284806406,World Bank Global Gas Flaring Tracker — REAL
Niger,2020,0.037198293722,World Bank Global Gas Flaring Tracker — REAL
Israel,2020,0.0,World Bank Global Gas Flaring Tracker — REAL
Romania,2020,0.012359287001589996,World Bank Global Gas Flaring Tracker — REAL
Sudan,2020,0.24149948567769997,World Bank Global Gas Flaring Tracker — REAL
Timor-Leste,2020,0.03184418911,World Bank Global Gas Flaring Tracker — REAL
Bangladesh,2020,0.0148364797206,World Bank Global Gas Flaring Tracker — REAL
Poland,2020,0.0475034011323,World Bank Global Gas Flaring Tracker — REAL
Myanmar,2020,0.0253176640367,World Bank Global Gas Flaring Tracker — REAL
Papua New Guinea,2020,0.054644630861,World Bank Global Gas Flaring Tracker — REAL
New Zealand,2020,0.01972771599501,World Bank Global Gas Flaring Tracker — REAL
Croatia,2020,0.006699519914100001,World Bank Global Gas Flaring Tracker — REAL
South Africa,2020,0.029115181994,World Bank Global Gas Flaring Tracker — REAL
Belize,2020,0.0007679449272,World Bank Global Gas Flaring Tracker — REAL
France,2020,0.00639583172139,World Bank Global Gas Flaring Tracker — REAL
Netherlands,2020,0.0029878594818,World Bank Global Gas Flaring Tracker — REAL
Chile,2020,0.0148002405068,World Bank Global Gas Flaring Tracker — REAL
Mauritania,2020,0.0,World Bank Global Gas Flaring Tracker — REAL
Jordan,2020,0.00022123620277,World Bank Global Gas Flaring Tracker — REAL
Italy,2020,0.0008150476862999999,World Bank Global Gas Flaring Tracker — REAL
Albania,2020,0.00010225264314999998,World Bank Global Gas Flaring Tracker — REAL
Greece,2020,0.00021720750352,World Bank Global Gas Flaring Tracker — REAL
Germany,2020,0.00025601510482,World Bank Global Gas Flaring Tracker — REAL
Tanzania,2020,0.0,World Bank Global Gas Flaring Tracker — REAL
Austria,2020,0.0,World Bank Global Gas Flaring Tracker — REAL
Belarus,2020,0.0021407377724,World Bank Global Gas Flaring Tracker — REAL
Cambodia,2020,0.0,World Bank Global Gas Flaring Tracker — REAL
Cyprus,2020,0.0,World Bank Global Gas Flaring Tracker — REAL
Czechia,2020,0.0,World Bank Global Gas Flaring Tracker — REAL
Ethiopia,2020,0.0,World Bank Global Gas Flaring Tracker — REAL
Japan,2020,0.0,World Bank Global Gas Flaring Tracker — REAL
Mongolia,2020,8.709534101e-05,World Bank Global Gas Flaring Tracker — REAL
Serbia,2020,0.00022685554109,World Bank Global Gas Flaring Tracker — REAL
South Korea,2020,0.0001649403776,World Bank Global Gas Flaring Tracker — REAL
Spain,2020,0.0,World Bank Global Gas Flaring Tracker — REAL
Suriname,2020,0.0,World Bank Global Gas Flaring Tracker — REAL
Sweden,2020,0.00015217828026,World Bank Global Gas Flaring Tracker — REAL
Georgia,2020,0.0025541043302,World Bank Global Gas Flaring Tracker — REAL
Total,2020,141.32589945171418,World Bank Global Gas Flaring Tracker — REAL
Russian Federation,2021,25.405035374,World Bank Global Gas Flaring Tracker — REAL
"Iran, Islamic Rep.",2021,17.285123879999997,World Bank Global Gas Flaring Tracker — REAL
Iraq,2021,17.891972601000006,World Bank Global Gas Flaring Tracker — REAL
United States,2021,8.763834736999994,World Bank Global Gas Flaring Tracker — REAL
"Venezuela, RB",2021,8.188825141000004,World Bank Global Gas Flaring Tracker — REAL
Algeria,2021,8.155819553999997,World Bank Global Gas Flaring Tracker — REAL
Nigeria,2021,6.626850969999999,World Bank Global Gas Flaring Tracker — REAL
Libya,2021,5.998537931000002,World Bank Global Gas Flaring Tracker — REAL
Mexico,2021,6.509060362,World Bank Global Gas Flaring Tracker — REAL
Saudi Arabia,2021,2.1231681695000004,World Bank Global Gas Flaring Tracker — REAL
China,2021,2.559797744000001,World Bank Global Gas Flaring Tracker — REAL
Oman,2021,2.474748488000001,World Bank Global Gas Flaring Tracker — REAL
Angola,2021,1.8010533020000001,World Bank Global Gas Flaring Tracker — REAL
"Congo, Rep.",2021,1.5221731390000002,World Bank Global Gas Flaring Tracker — REAL
Indonesia,2021,1.6751830919999997,World Bank Global Gas Flaring Tracker — REAL
"Egypt, Arab Rep.",2021,2.0824634919999996,World Bank Global Gas Flaring Tracker — REAL
Ecuador,2021,1.2351855370000002,World Bank Global Gas Flaring Tracker — REAL
India,2021,1.474228514,World Bank Global Gas Flaring Tracker — REAL
Canada,2021,1.0768582429999989,World Bank Global Gas Flaring Tracker — REAL
Malaysia,2021,2.078042003,World Bank Global Gas Flaring Tracker — REAL
Argentina,2021,1.2365750599999996,World Bank Global Gas Flaring Tracker — REAL
Turkmenistan,2021,1.169854031,World Bank Global Gas Flaring Tracker — REAL
Gabon,2021,1.338419474,World Bank Global Gas Flaring Tracker — REAL
Syrian Arab Republic,2021,1.0407874259999994,World Bank Global Gas Flaring Tracker — REAL
Kazakhstan,2021,1.510187529,World Bank Global Gas Flaring Tracker — REAL
Brazil,2021,0.9092706489999997,World Bank Global Gas Flaring Tracker — REAL
Qatar,2021,0.9539423549999999,World Bank Global Gas Flaring Tracker — REAL
United Arab Emirates,2021,0.8691321500000001,World Bank Global Gas Flaring Tracker — REAL
Kuwait,2021,0.6764316055,World Bank Global Gas Flaring Tracker — REAL
Vietnam,2021,0.5290921879999998,World Bank Global Gas Flaring Tracker — REAL
Australia,2021,0.813097505,World Bank Global Gas Flaring Tracker — REAL
United Kingdom,2021,0.8527784129999999,World Bank Global Gas Flaring Tracker — REAL
Cameroon,2021,0.780788816,World Bank Global Gas Flaring Tracker — REAL
Uzbekistan,2021,0.46886006699999994,World Bank Global Gas Flaring Tracker — REAL
Ghana,2021,0.599236857,World Bank Global Gas Flaring Tracker — REAL
Yemen,2021,0.9404083449999998,World Bank Global Gas Flaring Tracker — REAL
Colombia,2021,0.327534405,World Bank Global Gas Flaring Tracker — REAL
Pakistan,2021,0.23498721500000003,World Bank Global Gas Flaring Tracker — REAL
Ukraine,2021,0.12509604800000002,World Bank Global Gas Flaring Tracker — REAL
Thailand,2021,0.26602993700000005,World Bank Global Gas Flaring Tracker — REAL
Equatorial Guinea,2021,0.254644932,World Bank Global Gas Flaring Tracker — REAL
Azerbaijan,2021,0.13448243100000004,World Bank Global Gas Flaring Tracker — REAL
Chad,2021,0.178940598,World Bank Global Gas Flaring Tracker — REAL
Tunisia,2021,0.27232223600000005,World Bank Global Gas Flaring Tracker — REAL
Brunei Darussalam,2021,0.21563875700000001,World Bank Global Gas Flaring Tracker — REAL
Peru,2021,0.06450947399999998,World Bank Global Gas Flaring Tracker — REAL
Democratic Republic of the Congo,2021,0.225799772,World Bank Global Gas Flaring Tracker — REAL
Trinidad and Tobago,2021,0.148223601,World Bank Global Gas Flaring Tracker — REAL
Guyana,2021,0.13141793100000002,World Bank Global Gas Flaring Tracker — REAL
Norway,2021,0.15433685100000002,World Bank Global Gas Flaring Tracker — REAL
Bahrain,2021,0.135732251,World Bank Global Gas Flaring Tracker — REAL
Mozambique,2021,0.0,World Bank Global Gas Flaring Tracker — REAL
Turkey,2021,0.013855002,World Bank Global Gas Flaring Tracker — REAL
Bolivia,2021,0.032626955,World Bank Global Gas Flaring Tracker — REAL
Hungary,2021,0.104933314,World Bank Global Gas Flaring Tracker — REAL
Philippines,2021,0.086641338,World Bank Global Gas Flaring Tracker — REAL
Senegal,2021,0.0,World Bank Global Gas Flaring Tracker — REAL
Cuba,2021,0.038627151,World Bank Global Gas Flaring Tracker — REAL
Guatemala,2021,0.049907098000000004,World Bank Global Gas Flaring Tracker — REAL
Denmark,2021,0.052294348,World Bank Global Gas Flaring Tracker — REAL
Ivory Coast,2021,0.015112839,World Bank Global Gas Flaring Tracker — REAL
Niger,2021,0.049553236,World Bank Global Gas Flaring Tracker — REAL
Israel,2021,0.000634192,World Bank Global Gas Flaring Tracker — REAL
Romania,2021,0.02036368,World Bank Global Gas Flaring Tracker — REAL
Sudan,2021,0.24245003299999998,World Bank Global Gas Flaring Tracker — REAL
Timor-Leste,2021,0.02561243,World Bank Global Gas Flaring Tracker — REAL
Bangladesh,2021,0.025929429000000004,World Bank Global Gas Flaring Tracker — REAL
Poland,2021,0.041967024000000006,World Bank Global Gas Flaring Tracker — REAL
Myanmar,2021,0.020985719,World Bank Global Gas Flaring Tracker — REAL
Papua New Guinea,2021,0.065811058,World Bank Global Gas Flaring Tracker — REAL
New Zealand,2021,0.006737798000000001,World Bank Global Gas Flaring Tracker — REAL
Croatia,2021,0.001452557,World Bank Global Gas Flaring Tracker — REAL
South Africa,2021,0.027872024,World Bank Global Gas Flaring Tracker — REAL
Belize,2021,0.002552384,World Bank Global Gas Flaring Tracker — REAL
France,2021,0.00590448,World Bank Global Gas Flaring Tracker — REAL
Netherlands,2021,0.006089033,World Bank Global Gas Flaring Tracker — REAL
Chile,2021,0.006182276,World Bank Global Gas Flaring Tracker — REAL
Mauritania,2021,0.0,World Bank Global Gas Flaring Tracker — REAL
Jordan,2021,0.0005243,World Bank Global Gas Flaring Tracker — REAL
Italy,2021,0.000390002,World Bank Global Gas Flaring Tracker — REAL
Albania,2021,0.0,World Bank Global Gas Flaring Tracker — REAL
Greece,2021,0.000446826,World Bank Global Gas Flaring Tracker — REAL
Germany,2021,0.0,World Bank Global Gas Flaring Tracker — REAL
Tanzania,2021,0.0,World Bank Global Gas Flaring Tracker — REAL
Austria,2021,0.0,World Bank Global Gas Flaring Tracker — REAL
Belarus,2021,0.002350744,World Bank Global Gas Flaring Tracker — REAL
Cambodia,2021,0.012606967,World Bank Global Gas Flaring Tracker — REAL
Cyprus,2021,0.0,World Bank Global Gas Flaring Tracker — REAL
Czechia,2021,0.0,World Bank Global Gas Flaring Tracker — REAL
Ethiopia,2021,0.0,World Bank Global Gas Flaring Tracker — REAL
Japan,2021,0.0,World Bank Global Gas Flaring Tracker — REAL
Mongolia,2021,0.0,World Bank Global Gas Flaring Tracker — REAL
Serbia,2021,0.001388655,World Bank Global Gas Flaring Tracker — REAL
South Korea,2021,0.00323564,World Bank Global Gas Flaring Tracker — REAL
Spain,2021,0.0,World Bank Global Gas Flaring Tracker — REAL
Suriname,2021,0.0,World Bank Global Gas Flaring Tracker — REAL
Sweden,2021,0.0,World Bank Global Gas Flaring Tracker — REAL
Georgia,2021,0.00124364,World Bank Global Gas Flaring Tracker — REAL
Total,2021,143.45280335500016,World Bank Global Gas Flaring Tracker — REAL
Russian Federation,2022,25.494713659000016,World Bank Global Gas Flaring Tracker — REAL
"Iran, Islamic Rep.",2022,17.220775299999993,World Bank Global Gas Flaring Tracker — REAL
Iraq,2022,17.902879969,World Bank Global Gas Flaring Tracker — REAL
United States,2022,7.967125950999994,World Bank Global Gas Flaring Tracker — REAL
"Venezuela, RB",2022,8.611941027,World Bank Global Gas Flaring Tracker — REAL
Algeria,2022,8.614017193000004,World Bank Global Gas Flaring Tracker — REAL
Nigeria,2022,5.318367626999999,World Bank Global Gas Flaring Tracker — REAL
Libya,2022,5.420487574,World Bank Global Gas Flaring Tracker — REAL
Mexico,2022,5.667820612,World Bank Global Gas Flaring Tracker — REAL
Saudi Arabia,2022,1.8595874590000006,World Bank Global Gas Flaring Tracker — REAL
China,2022,2.4884874539999995,World Bank Global Gas Flaring Tracker — REAL
Oman,2022,2.0717426540000003,World Bank Global Gas Flaring Tracker — REAL
Angola,2022,1.676150817,World Bank Global Gas Flaring Tracker — REAL
"Congo, Rep.",2022,1.8197490539999994,World Bank Global Gas Flaring Tracker — REAL
Indonesia,2022,1.6823951810000002,World Bank Global Gas Flaring Tracker — REAL
"Egypt, Arab Rep.",2022,1.9693707689999995,World Bank Global Gas Flaring Tracker — REAL
Ecuador,2022,1.2904555089999998,World Bank Global Gas Flaring Tracker — REAL
India,2022,1.5551097119999997,World Bank Global Gas Flaring Tracker — REAL
Canada,2022,0.944776954,World Bank Global Gas Flaring Tracker — REAL
Malaysia,2022,1.6096752050000005,World Bank Global Gas Flaring Tracker — REAL
Argentina,2022,1.1675781369999996,World Bank Global Gas Flaring Tracker — REAL
Turkmenistan,2022,1.0699034699999996,World Bank Global Gas Flaring Tracker — REAL
Gabon,2022,1.4025840109999999,World Bank Global Gas Flaring Tracker — REAL
Syrian Arab Republic,2022,1.065373545,World Bank Global Gas Flaring Tracker — REAL
Kazakhstan,2022,1.0255061149999998,World Bank Global Gas Flaring Tracker — REAL
Brazil,2022,0.8806266609999998,World Bank Global Gas Flaring Tracker — REAL
Qatar,2022,0.9874589859999998,World Bank Global Gas Flaring Tracker — REAL
United Arab Emirates,2022,0.927284921,World Bank Global Gas Flaring Tracker — REAL
Kuwait,2022,0.582151796,World Bank Global Gas Flaring Tracker — REAL
Vietnam,2022,0.5905741360000001,World Bank Global Gas Flaring Tracker — REAL
Australia,2022,0.7046578410000001,World Bank Global Gas Flaring Tracker — REAL
United Kingdom,2022,0.5792152090000001,World Bank Global Gas Flaring Tracker — REAL
Cameroon,2022,0.7459861610000001,World Bank Global Gas Flaring Tracker — REAL
Uzbekistan,2022,0.43798764,World Bank Global Gas Flaring Tracker — REAL
Ghana,2022,0.49586618800000004,World Bank Global Gas Flaring Tracker — REAL
Yemen,2022,0.727516918,World Bank Global Gas Flaring Tracker — REAL
Colombia,2022,0.24370615100000004,World Bank Global Gas Flaring Tracker — REAL
Pakistan,2022,0.24027337600000007,World Bank Global Gas Flaring Tracker — REAL
Ukraine,2022,0.09084353200000002,World Bank Global Gas Flaring Tracker — REAL
Thailand,2022,0.217402963,World Bank Global Gas Flaring Tracker — REAL
Equatorial Guinea,2022,0.219850588,World Bank Global Gas Flaring Tracker — REAL
Azerbaijan,2022,0.19750718900000003,World Bank Global Gas Flaring Tracker — REAL
Chad,2022,0.22205366599999998,World Bank Global Gas Flaring Tracker — REAL
Tunisia,2022,0.27913254900000006,World Bank Global Gas Flaring Tracker — REAL
Brunei Darussalam,2022,0.090988376,World Bank Global Gas Flaring Tracker — REAL
Peru,2022,0.078691123,World Bank Global Gas Flaring Tracker — REAL
Democratic Republic of the Congo,2022,0.20574785999999995,World Bank Global Gas Flaring Tracker — REAL
Trinidad and Tobago,2022,0.158808017,World Bank Global Gas Flaring Tracker — REAL
Guyana,2022,0.163249938,World Bank Global Gas Flaring Tracker — REAL
Norway,2022,0.13526941300000003,World Bank Global Gas Flaring Tracker — REAL
Bahrain,2022,0.09391588,World Bank Global Gas Flaring Tracker — REAL
Mozambique,2022,0.43960222600000004,World Bank Global Gas Flaring Tracker — REAL
Turkey,2022,0.022044799,World Bank Global Gas Flaring Tracker — REAL
Bolivia,2022,0.04087994,World Bank Global Gas Flaring Tracker — REAL
Hungary,2022,0.086693215,World Bank Global Gas Flaring Tracker — REAL
Philippines,2022,0.071957558,World Bank Global Gas Flaring Tracker — REAL
Senegal,2022,0.0,World Bank Global Gas Flaring Tracker — REAL
Cuba,2022,0.045770925000000004,World Bank Global Gas Flaring Tracker — REAL
Guatemala,2022,0.052107152,World Bank Global Gas Flaring Tracker — REAL
Denmark,2022,0.046121376,World Bank Global Gas Flaring Tracker — REAL
Ivory Coast,2022,0.025561880999999998,World Bank Global Gas Flaring Tracker — REAL
Niger,2022,0.037661073,World Bank Global Gas Flaring Tracker — REAL
Israel,2022,0.009361171,World Bank Global Gas Flaring Tracker — REAL
Romania,2022,0.030124951,World Bank Global Gas Flaring Tracker — REAL
Sudan,2022,0.21235856400000003,World Bank Global Gas Flaring Tracker — REAL
Timor-Leste,2022,0.032067272,World Bank Global Gas Flaring Tracker — REAL
Bangladesh,2022,0.020614866,World Bank Global Gas Flaring Tracker — REAL
Poland,2022,0.016022483,World Bank Global Gas Flaring Tracker — REAL
Myanmar,2022,0.013046754,World Bank Global Gas Flaring Tracker — REAL
Papua New Guinea,2022,0.084864815,World Bank Global Gas Flaring Tracker — REAL
New Zealand,2022,0.003696391,World Bank Global Gas Flaring Tracker — REAL
Croatia,2022,0.00073266,World Bank Global Gas Flaring Tracker — REAL
South Africa,2022,0.020087315,World Bank Global Gas Flaring Tracker — REAL
Belize,2022,0.002987959,World Bank Global Gas Flaring Tracker — REAL
France,2022,0.000900836,World Bank Global Gas Flaring Tracker — REAL
Netherlands,2022,0.000986574,World Bank Global Gas Flaring Tracker — REAL
Chile,2022,0.004348089,World Bank Global Gas Flaring Tracker — REAL
Mauritania,2022,0.0,World Bank Global Gas Flaring Tracker — REAL
Jordan,2022,0.0,World Bank Global Gas Flaring Tracker — REAL
Italy,2022,0.0,World Bank Global Gas Flaring Tracker — REAL
Albania,2022,0.008171053,World Bank Global Gas Flaring Tracker — REAL
Greece,2022,0.0,World Bank Global Gas Flaring Tracker — REAL
Germany,2022,0.000172688,World Bank Global Gas Flaring Tracker — REAL
Tanzania,2022,0.0,World Bank Global Gas Flaring Tracker — REAL
Austria,2022,0.0,World Bank Global Gas Flaring Tracker — REAL
Belarus,2022,0.0,World Bank Global Gas Flaring Tracker — REAL
Cambodia,2022,0.0,World Bank Global Gas Flaring Tracker — REAL
Cyprus,2022,0.00084128,World Bank Global Gas Flaring Tracker — REAL
Czechia,2022,0.0,World Bank Global Gas Flaring Tracker — REAL
Ethiopia,2022,0.0,World Bank Global Gas Flaring Tracker — REAL
Japan,2022,0.0,World Bank Global Gas Flaring Tracker — REAL
Mongolia,2022,0.0,World Bank Global Gas Flaring Tracker — REAL
Serbia,2022,0.000265914,World Bank Global Gas Flaring Tracker — REAL
South Korea,2022,0.00205857,World Bank Global Gas Flaring Tracker — REAL
Spain,2022,0.0,World Bank Global Gas Flaring Tracker — REAL
Suriname,2022,0.002214813,World Bank Global Gas Flaring Tracker — REAL
Sweden,2022,0.0,World Bank Global Gas Flaring Tracker — REAL
Georgia,2022,0.0009822519999999999,World Bank Global Gas Flaring Tracker — REAL
Total,2022,138.54864945100007,World Bank Global Gas Flaring Tracker — REAL
Russian Federation,2023,28.415778772892928,World Bank Global Gas Flaring Tracker — REAL
"Iran, Islamic Rep.",2023,20.421132931922724,World Bank Global Gas Flaring Tracker — REAL
Iraq,2023,17.68949687623644,World Bank Global Gas Flaring Tracker — REAL
United States,2023,9.632246204724991,World Bank Global Gas Flaring Tracker — REAL
"Venezuela, RB",2023,8.307149356727013,World Bank Global Gas Flaring Tracker — REAL
Algeria,2023,8.179588407981182,World Bank Global Gas Flaring Tracker — REAL
Nigeria,2023,5.78646350508601,World Bank Global Gas Flaring Tracker — REAL
Libya,2023,6.801338324231564,World Bank Global Gas Flaring Tracker — REAL
Mexico,2023,5.490923754465566,World Bank Global Gas Flaring Tracker — REAL
Saudi Arabia,2023,2.4880182150728083,World Bank Global Gas Flaring Tracker — REAL
China,2023,2.3903371190971483,World Bank Global Gas Flaring Tracker — REAL
Oman,2023,1.8894726812878704,World Bank Global Gas Flaring Tracker — REAL
Angola,2023,1.8368085798188003,World Bank Global Gas Flaring Tracker — REAL
"Congo, Rep.",2023,1.6707228775117997,World Bank Global Gas Flaring Tracker — REAL
Indonesia,2023,1.9044892663199906,World Bank Global Gas Flaring Tracker — REAL
"Egypt, Arab Rep.",2023,1.8715926379874273,World Bank Global Gas Flaring Tracker — REAL
Ecuador,2023,1.5821524044220994,World Bank Global Gas Flaring Tracker — REAL
India,2023,1.5252799363382699,World Bank Global Gas Flaring Tracker — REAL
Canada,2023,1.1077308026140773,World Bank Global Gas Flaring Tracker — REAL
Malaysia,2023,1.4935259369625402,World Bank Global Gas Flaring Tracker — REAL
Argentina,2023,1.092453566875259,World Bank Global Gas Flaring Tracker — REAL
Turkmenistan,2023,1.17631655191484,World Bank Global Gas Flaring Tracker — REAL
Gabon,2023,1.1868317129155002,World Bank Global Gas Flaring Tracker — REAL
Syrian Arab Republic,2023,1.0830459675655102,World Bank Global Gas Flaring Tracker — REAL
Kazakhstan,2023,1.0126011888944801,World Bank Global Gas Flaring Tracker — REAL
Brazil,2023,1.2135914913098502,World Bank Global Gas Flaring Tracker — REAL
Qatar,2023,1.1521123710378,World Bank Global Gas Flaring Tracker — REAL
United Arab Emirates,2023,0.9070251826468002,World Bank Global Gas Flaring Tracker — REAL
Kuwait,2023,0.65850150851201,World Bank Global Gas Flaring Tracker — REAL
Vietnam,2023,0.6698000720232,World Bank Global Gas Flaring Tracker — REAL
Australia,2023,0.663040607882148,World Bank Global Gas Flaring Tracker — REAL
United Kingdom,2023,0.6681498909797599,World Bank Global Gas Flaring Tracker — REAL
Cameroon,2023,0.6664788035556,World Bank Global Gas Flaring Tracker — REAL
Uzbekistan,2023,0.3954693629839499,World Bank Global Gas Flaring Tracker — REAL
Ghana,2023,0.5085121058250001,World Bank Global Gas Flaring Tracker — REAL
Yemen,2023,0.4471038081778201,World Bank Global Gas Flaring Tracker — REAL
Colombia,2023,0.3206247915216001,World Bank Global Gas Flaring Tracker — REAL
Pakistan,2023,0.22712199696886093,World Bank Global Gas Flaring Tracker — REAL
Ukraine,2023,0.11584419462870002,World Bank Global Gas Flaring Tracker — REAL
Thailand,2023,0.21014079372005,World Bank Global Gas Flaring Tracker — REAL
Equatorial Guinea,2023,0.206794879006,World Bank Global Gas Flaring Tracker — REAL
Azerbaijan,2023,0.34819489235631007,World Bank Global Gas Flaring Tracker — REAL
Chad,2023,0.211552471952,World Bank Global Gas Flaring Tracker — REAL
Tunisia,2023,0.18515542442926997,World Bank Global Gas Flaring Tracker — REAL
Brunei Darussalam,2023,0.11358533744900001,World Bank Global Gas Flaring Tracker — REAL
Peru,2023,0.06758815968106001,World Bank Global Gas Flaring Tracker — REAL
Democratic Republic of the Congo,2023,0.11304569134989999,World Bank Global Gas Flaring Tracker — REAL
Trinidad and Tobago,2023,0.1443061490901,World Bank Global Gas Flaring Tracker — REAL
Guyana,2023,0.11216749949,World Bank Global Gas Flaring Tracker — REAL
Norway,2023,0.12599856499104,World Bank Global Gas Flaring Tracker — REAL
Bahrain,2023,0.0952144659337,World Bank Global Gas Flaring Tracker — REAL
Mozambique,2023,0.24044300663110002,World Bank Global Gas Flaring Tracker — REAL
Turkey,2023,0.04423394658029999,World Bank Global Gas Flaring Tracker — REAL
Bolivia,2023,0.04066262137335001,World Bank Global Gas Flaring Tracker — REAL
Hungary,2023,0.06966569457385999,World Bank Global Gas Flaring Tracker — REAL
Philippines,2023,0.062669095295,World Bank Global Gas Flaring Tracker — REAL
Senegal,2023,0.0,World Bank Global Gas Flaring Tracker — REAL
Cuba,2023,0.059982036551299994,World Bank Global Gas Flaring Tracker — REAL
Guatemala,2023,0.05863232397,World Bank Global Gas Flaring Tracker — REAL
Denmark,2023,0.0413785307698,World Bank Global Gas Flaring Tracker — REAL
Ivory Coast,2023,0.0357432919297,World Bank Global Gas Flaring Tracker — REAL
Niger,2023,0.037561654508999995,World Bank Global Gas Flaring Tracker — REAL
Israel,2023,0.023287290609,World Bank Global Gas Flaring Tracker — REAL
Romania,2023,0.029573264912,World Bank Global Gas Flaring Tracker — REAL
Sudan,2023,0.1325381116422,World Bank Global Gas Flaring Tracker — REAL
Timor-Leste,2023,0.016115119882999997,World Bank Global Gas Flaring Tracker — REAL
Bangladesh,2023,0.0163769280959,World Bank Global Gas Flaring Tracker — REAL
Poland,2023,0.0221490722633,World Bank Global Gas Flaring Tracker — REAL
Myanmar,2023,0.011090458666499999,World Bank Global Gas Flaring Tracker — REAL
Papua New Guinea,2023,0.0681495909897,World Bank Global Gas Flaring Tracker — REAL
New Zealand,2023,0.0031935799823,World Bank Global Gas Flaring Tracker — REAL
Croatia,2023,0.0027360841242999997,World Bank Global Gas Flaring Tracker — REAL
South Africa,2023,0.023502477452,World Bank Global Gas Flaring Tracker — REAL
Belize,2023,0.0027347514981,World Bank Global Gas Flaring Tracker — REAL
France,2023,0.0,World Bank Global Gas Flaring Tracker — REAL
Netherlands,2023,0.0060252785688,World Bank Global Gas Flaring Tracker — REAL
Chile,2023,0.002946307375,World Bank Global Gas Flaring Tracker — REAL
Mauritania,2023,0.0,World Bank Global Gas Flaring Tracker — REAL
Jordan,2023,0.02129237267,World Bank Global Gas Flaring Tracker — REAL
Italy,2023,0.0,World Bank Global Gas Flaring Tracker — REAL
Albania,2023,0.00029190795322,World Bank Global Gas Flaring Tracker — REAL
Greece,2023,0.0,World Bank Global Gas Flaring Tracker — REAL
Germany,2023,0.0,World Bank Global Gas Flaring Tracker — REAL
Tanzania,2023,0.0,World Bank Global Gas Flaring Tracker — REAL
Austria,2023,0.0,World Bank Global Gas Flaring Tracker — REAL
Belarus,2023,0.0,World Bank Global Gas Flaring Tracker — REAL
Cambodia,2023,0.0,World Bank Global Gas Flaring Tracker — REAL
Cyprus,2023,0.0,World Bank Global Gas Flaring Tracker — REAL
Czechia,2023,0.0,World Bank Global Gas Flaring Tracker — REAL
Ethiopia,2023,0.0,World Bank Global Gas Flaring Tracker — REAL
Japan,2023,0.0,World Bank Global Gas Flaring Tracker — REAL
Mongolia,2023,0.0,World Bank Global Gas Flaring Tracker — REAL
Serbia,2023,0.0,World Bank Global Gas Flaring Tracker — REAL
South Korea,2023,0.0,World Bank Global Gas Flaring Tracker — REAL
Spain,2023,0.0,World Bank Global Gas Flaring Tracker — REAL
Suriname,2023,0.0,World Bank Global Gas Flaring Tracker — REAL
Sweden,2023,0.0,World Bank Global Gas Flaring Tracker — REAL
Georgia,2023,8.830703285e-05,World Bank Global Gas Flaring Tracker — REAL
Total,2023,147.65568120327,World Bank Global Gas Flaring Tracker — REAL
Russian Federation,2024,28.8458,World Bank Global Gas Flaring Tracker — REAL
"Iran, Islamic Rep.",2024,22.81456,World Bank Global Gas Flaring Tracker — REAL
Iraq,2024,18.18209,World Bank Global Gas Flaring Tracker — REAL
United States,2024,10.20477,World Bank Global Gas Flaring Tracker — REAL
"Venezuela, RB",2024,8.31285,World Bank Global Gas Flaring Tracker — REAL
Algeria,2024,7.88203,World Bank Global Gas Flaring Tracker — REAL
Nigeria,2024,6.47956,World Bank Global Gas Flaring Tracker — REAL
Libya,2024,6.27505,World Bank Global Gas Flaring Tracker — REAL
Mexico,2024,5.72472,World Bank Global Gas Flaring Tracker — REAL
Saudi Arabia,2024,2.45855,World Bank Global Gas Flaring Tracker — REAL
China,2024,2.13464,World Bank Global Gas Flaring Tracker — REAL
Oman,2024,2.03441,World Bank Global Gas Flaring Tracker — REAL
Angola,2024,2.0609,World Bank Global Gas Flaring Tracker — REAL
"Congo, Rep.",2024,1.93604,World Bank Global Gas Flaring Tracker — REAL
Indonesia,2024,1.70288,World Bank Global Gas Flaring Tracker — REAL
"Egypt, Arab Rep.",2024,1.62707,World Bank Global Gas Flaring Tracker — REAL
Ecuador,2024,1.64616,World Bank Global Gas Flaring Tracker — REAL
India,2024,1.48433,World Bank Global Gas Flaring Tracker — REAL
Canada,2024,1.40389,World Bank Global Gas Flaring Tracker — REAL
Malaysia,2024,1.53146,World Bank Global Gas Flaring Tracker — REAL
Argentina,2024,1.34974,World Bank Global Gas Flaring Tracker — REAL
Turkmenistan,2024,1.34481,World Bank Global Gas Flaring Tracker — REAL
Gabon,2024,1.207,World Bank Global Gas Flaring Tracker — REAL
Syrian Arab Republic,2024,1.14039,World Bank Global Gas Flaring Tracker — REAL
Kazakhstan,2024,1.16328,World Bank Global Gas Flaring Tracker — REAL
Brazil,2024,0.95373,World Bank Global Gas Flaring Tracker — REAL
Qatar,2024,0.92806,World Bank Global Gas Flaring Tracker — REAL
United Arab Emirates,2024,0.80873,World Bank Global Gas Flaring Tracker — REAL
Kuwait,2024,0.60595,World Bank Global Gas Flaring Tracker — REAL
Vietnam,2024,0.60061,World Bank Global Gas Flaring Tracker — REAL
Australia,2024,0.61797,World Bank Global Gas Flaring Tracker — REAL
United Kingdom,2024,0.54691,World Bank Global Gas Flaring Tracker — REAL
Cameroon,2024,0.58388,World Bank Global Gas Flaring Tracker — REAL
Uzbekistan,2024,0.44125,World Bank Global Gas Flaring Tracker — REAL
Ghana,2024,0.40586,World Bank Global Gas Flaring Tracker — REAL
Yemen,2024,0.37423,World Bank Global Gas Flaring Tracker — REAL
Colombia,2024,0.3084,World Bank Global Gas Flaring Tracker — REAL
Pakistan,2024,0.2488,World Bank Global Gas Flaring Tracker — REAL
Ukraine,2024,0.2506,World Bank Global Gas Flaring Tracker — REAL
Thailand,2024,0.21018,World Bank Global Gas Flaring Tracker — REAL
Equatorial Guinea,2024,0.20988,World Bank Global Gas Flaring Tracker — REAL
Azerbaijan,2024,0.19788,World Bank Global Gas Flaring Tracker — REAL
Chad,2024,0.18614,World Bank Global Gas Flaring Tracker — REAL
Tunisia,2024,0.17029,World Bank Global Gas Flaring Tracker — REAL
Brunei Darussalam,2024,0.10124,World Bank Global Gas Flaring Tracker — REAL
Peru,2024,0.11353,World Bank Global Gas Flaring Tracker — REAL
Democratic Republic of the Congo,2024,0.09299,World Bank Global Gas Flaring Tracker — REAL
Trinidad and Tobago,2024,0.09491,World Bank Global Gas Flaring Tracker — REAL
Guyana,2024,0.09322,World Bank Global Gas Flaring Tracker — REAL
Norway,2024,0.07553,World Bank Global Gas Flaring Tracker — REAL
Bahrain,2024,0.06524,World Bank Global Gas Flaring Tracker — REAL
Mozambique,2024,0.07792,World Bank Global Gas Flaring Tracker — REAL
Turkey,2024,0.06641,World Bank Global Gas Flaring Tracker — REAL
Bolivia,2024,0.06491,World Bank Global Gas Flaring Tracker — REAL
Hungary,2024,0.05876,World Bank Global Gas Flaring Tracker — REAL
Philippines,2024,0.05859,World Bank Global Gas Flaring Tracker — REAL
Senegal,2024,0.0605,World Bank Global Gas Flaring Tracker — REAL
Cuba,2024,0.04862,World Bank Global Gas Flaring Tracker — REAL
Guatemala,2024,0.04608,World Bank Global Gas Flaring Tracker — REAL
Denmark,2024,0.04419,World Bank Global Gas Flaring Tracker — REAL
Ivory Coast,2024,0.03518,World Bank Global Gas Flaring Tracker — REAL
Niger,2024,0.03446,World Bank Global Gas Flaring Tracker — REAL
Israel,2024,0.03151,World Bank Global Gas Flaring Tracker — REAL
Romania,2024,0.02998,World Bank Global Gas Flaring Tracker — REAL
Sudan,2024,0.01156,World Bank Global Gas Flaring Tracker — REAL
Timor-Leste,2024,0.01806,World Bank Global Gas Flaring Tracker — REAL
Bangladesh,2024,0.01207,World Bank Global Gas Flaring Tracker — REAL
Poland,2024,0.01393,World Bank Global Gas Flaring Tracker — REAL
Myanmar,2024,0.01008,World Bank Global Gas Flaring Tracker — REAL
Papua New Guinea,2024,0.00914,World Bank Global Gas Flaring Tracker — REAL
New Zealand,2024,0.00664,World Bank Global Gas Flaring Tracker — REAL
Croatia,2024,0.00581,World Bank Global Gas Flaring Tracker — REAL
South Africa,2024,0.00264,World Bank Global Gas Flaring Tracker — REAL
Belize,2024,0.00285,World Bank Global Gas Flaring Tracker — REAL
France,2024,0.00322,World Bank Global Gas Flaring Tracker — REAL
Netherlands,2024,0.00256,World Bank Global Gas Flaring Tracker — REAL
Chile,2024,0.00314,World Bank Global Gas Flaring Tracker — REAL
Mauritania,2024,0.00282,World Bank Global Gas Flaring Tracker — REAL
Jordan,2024,0.00083,World Bank Global Gas Flaring Tracker — REAL
Italy,2024,0.00071,World Bank Global Gas Flaring Tracker — REAL
Albania,2024,0.00035,World Bank Global Gas Flaring Tracker — REAL
Greece,2024,0.00033,World Bank Global Gas Flaring Tracker — REAL
Germany,2024,0.00021,World Bank Global Gas Flaring Tracker — REAL
Tanzania,2024,0.0001,World Bank Global Gas Flaring Tracker — REAL
Austria,2024,0.0,World Bank Global Gas Flaring Tracker — REAL
Belarus,2024,0.0,World Bank Global Gas Flaring Tracker — REAL
Cambodia,2024,0.0,World Bank Global Gas Flaring Tracker — REAL
Cyprus,2024,0.0,World Bank Global Gas Flaring Tracker — REAL
Czechia,2024,0.0,World Bank Global Gas Flaring Tracker — REAL
Ethiopia,2024,0.0,World Bank Global Gas Flaring Tracker — REAL
Japan,2024,0.0,World Bank Global Gas Flaring Tracker — REAL
Mongolia,2024,0.0,World Bank Global Gas Flaring Tracker — REAL
Serbia,2024,0.0,World Bank Global Gas Flaring Tracker — REAL
South Korea,2024,0.0,World Bank Global Gas Flaring Tracker — REAL
Spain,2024,0.0,World Bank Global Gas Flaring Tracker — REAL
Suriname,2024,0.0,World Bank Global Gas Flaring Tracker — REAL
Sweden,2024,0.0,World Bank Global Gas Flaring Tracker — REAL
Georgia,2024,0.0,World Bank Global Gas Flaring Tracker — REAL
Total,2024,150.99714999999986,World Bank Global Gas Flaring Tracker — REAL
