field,year,month,ch4_ppb,source
us_permian,2019,1,1872.168292848148,Sentinel-5P OFFL CH4 (Copernicus/ESA via GEE) — REAL
us_permian,2019,2,1871.958078669356,Sentinel-5P OFFL CH4 (Copernicus/ESA via GEE) — REAL
us_permian,2019,3,1887.4306834900026,Sentinel-5P OFFL CH4 (Copernicus/ESA via GEE) — REAL
us_permian,2019,4,1881.5511917061476,Sentinel-5P OFFL CH4 (Copernicus/ESA via GEE) — REAL
us_permian,2019,5,1875.902458419027,Sentinel-5P OFFL CH4 (Copernicus/ESA via GEE) — REAL
us_permian,2019,6,1857.9391997857017,Sentinel-5P OFFL CH4 (Copernicus/ESA via GEE) — REAL
us_permian,2019,7,1875.4348232543682,Sentinel-5P OFFL CH4 (Copernicus/ESA via GEE) — REAL
us_permian,2019,8,1884.5587112546777,Sentinel-5P OFFL CH4 (Copernicus/ESA via GEE) — REAL
us_permian,2019,9,1859.0230040799436,Sentinel-5P OFFL CH4 (Copernicus/ESA via GEE) — REAL
us_permian,2019,10,1896.5322806260717,Sentinel-5P OFFL CH4 (Copernicus/ESA via GEE) — REAL
us_permian,2019,11,1898.9191203530727,Sentinel-5P OFFL CH4 (Copernicus/ESA via GEE) — REAL
us_permian,2019,12,1891.25201245651,Sentinel-5P OFFL CH4 (Copernicus/ESA via GEE) — REAL
us_permian,2020,1,1878.6158759443917,Sentinel-5P OFFL CH4 (Copernicus/ESA via GEE) — REAL
us_permian,2020,2,1879.6892687486925,Sentinel-5P OFFL CH4 (Copernicus/ESA via GEE) — REAL
us_permian,2020,3,1888.5390910585954,Sentinel-5P OFFL CH4 (Copernicus/ESA via GEE) — REAL
us_permian,2020,4,1891.4987508110344,Sentinel-5P OFFL CH4 (Copernicus/ESA via GEE) — REAL
us_permian,2020,5,1872.9800059362244,Sentinel-5P OFFL CH4 (Copernicus/ESA via GEE) — REAL
us_permian,2020,6,1879.6763061739357,Sentinel-5P OFFL CH4 (Copernicus/ESA via GEE) — REAL
us_permian,2020,7,1876.3931845969346,Sentinel-5P OFFL CH4 (Copernicus/ESA via GEE) — REAL
us_permian,2020,8,1871.0879776994286,Sentinel-5P OFFL CH4 (Copernicus/ESA via GEE) — REAL
us_permian,2020,9,1908.099659214561,Sentinel-5P OFFL CH4 (Copernicus/ESA via GEE) — REAL
us_permian,2020,10,1912.4125509114772,Sentinel-5P OFFL CH4 (Copernicus/ESA via GEE) — REAL
us_permian,2020,11,1902.1296956458118,Sentinel-5P OFFL CH4 (Copernicus/ESA via GEE) — REAL
us_permian,2020,12,1904.0226922762317,Sentinel-5P OFFL CH4 (Copernicus/ESA via GEE) — REAL
us_permian,2021,1,1903.1986031714625,Sentinel-5P OFFL CH4 (Copernicus/ESA via GEE) — REAL
us_permian,2021,2,1884.0251873146797,Sentinel-5P OFFL CH4 (Copernicus/ESA via GEE) — REAL
us_permian,2021,3,1898.0146184158368,Sentinel-5P OFFL CH4 (Copernicus/ESA via GEE) — REAL
us_permian,2021,4,1906.5755768411445,Sentinel-5P OFFL CH4 (Copernicus/ESA via GEE) — REAL
us_permian,2021,5,1909.9911320370154,Sentinel-5P OFFL CH4 (Copernicus/ESA via GEE) — REAL
us_permian,2021,6,1896.502646823596,Sentinel-5P OFFL CH4 (Copernicus/ESA via GEE) — REAL
us_permian,2021,7,1894.2884923219658,Sentinel-5P OFFL CH4 (Copernicus/ESA via GEE) — REAL
us_permian,2021,8,1880.456771501832,Sentinel-5P OFFL CH4 (Copernicus/ESA via GEE) — REAL
us_permian,2021,9,1908.1520475650095,Sentinel-5P OFFL CH4 (Copernicus/ESA via GEE) — REAL
us_permian,2021,10,1917.0476063008414,Sentinel-5P OFFL CH4 (Copernicus/ESA via GEE) — REAL
us_permian,2021,11,1923.6275634069232,Sentinel-5P OFFL CH4 (Copernicus/ESA via GEE) — REAL
us_permian,2021,12,1903.9915567959245,Sentinel-5P OFFL CH4 (Copernicus/ESA via GEE) — REAL
us_permian,2022,1,1914.9860448390539,Sentinel-5P OFFL CH4 (Copernicus/ESA via GEE) — REAL
us_permian,2022,2,1911.14029823156,Sentinel-5P OFFL CH4 (Copernicus/ESA via GEE) — REAL
us_permian,2022,3,1893.918468284223,Sentinel-5P OFFL CH4 (Copernicus/ESA via GEE) — REAL
us_permian,2022,4,1899.3702605243657,Sentinel-5P OFFL CH4 (Copernicus/ESA via GEE) — REAL
us_permian,2022,5,1894.7565356164332,Sentinel-5P OFFL CH4 (Copernicus/ESA via GEE) — REAL
us_permian,2022,6,1891.6335107493637,Sentinel-5P OFFL CH4 (Copernicus/ESA via GEE) — REAL
us_permian,2022,7,1903.273337087682,Sentinel-5P OFFL CH4 (Copernicus/ESA via GEE) — REAL
us_permian,2022,8,1909.4995385462591,Sentinel-5P OFFL CH4 (Copernicus/ESA via GEE) — REAL
us_permian,2022,9,1915.5307258253135,Sentinel-5P OFFL CH4 (Copernicus/ESA via GEE) — REAL
us_permian,2022,10,1928.3628353619756,Sentinel-5P OFFL CH4 (Copernicus/ESA via GEE) — REAL
us_permian,2022,11,1926.4625297720333,Sentinel-5P OFFL CH4 (Copernicus/ESA via GEE) — REAL
us_permian,2022,12,1925.5170598283407,Sentinel-5P OFFL CH4 (Copernicus/ESA via GEE) — REAL
us_permian,2023,1,1916.322955969554,Sentinel-5P OFFL CH4 (Copernicus/ESA via GEE) — REAL
us_permian,2023,2,1910.9189686882987,Sentinel-5P OFFL CH4 (Copernicus/ESA via GEE) — REAL
us_permian,2023,3,1920.9647109200316,Sentinel-5P OFFL CH4 (Copernicus/ESA via GEE) — REAL
us_permian,2023,4,1913.9741562938138,Sentinel-5P OFFL CH4 (Copernicus/ESA via GEE) — REAL
us_permian,2023,5,1906.7214577728544,Sentinel-5P OFFL CH4 (Copernicus/ESA via GEE) — REAL
us_permian,2023,6,1901.1117412423005,Sentinel-5P OFFL CH4 (Copernicus/ESA via GEE) — REAL
us_permian,2023,7,1895.63118901705,Sentinel-5P OFFL CH4 (Copernicus/ESA via GEE) — REAL
us_permian,2023,8,1896.2818379999499,Sentinel-5P OFFL CH4 (Copernicus/ESA via GEE) — REAL
us_permian,2023,9,1917.820662443178,Sentinel-5P OFFL CH4 (Copernicus/ESA via GEE) — REAL
us_permian,2023,10,1949.2168546636237,Sentinel-5P OFFL CH4 (Copernicus/ESA via GEE) — REAL
us_permian,2023,11,1937.4372925715984,Sentinel-5P OFFL CH4 (Copernicus/ESA via GEE) — REAL
us_permian,2023,12,1928.6066405005697,Sentinel-5P OFFL CH4 (Copernicus/ESA via GEE) — REAL
us_permian,2024,1,1933.3647137828711,Sentinel-5P OFFL CH4 (Copernicus/ESA via GEE) — REAL
us_permian,2024,2,1926.6497914918655,Sentinel-5P OFFL CH4 (Copernicus/ESA via GEE) — REAL
us_permian,2024,3,1921.382644454823,Sentinel-5P OFFL CH4 (Copernicus/ESA via GEE) — REAL
us_permian,2024,4,1931.1868224961006,Sentinel-5P OFFL CH4 (Copernicus/ESA via GEE) — REAL
us_permian,2024,5,1924.626087814658,Sentinel-5P OFFL CH4 (Copernicus/ESA via GEE) — REAL
us_permian,2024,6,1913.2928009540171,Sentinel-5P OFFL CH4 (Copernicus/ESA via GEE) — REAL
us_permian,2024,7,1917.508751500045,Sentinel-5P OFFL CH4 (Copernicus/ESA via GEE) — REAL
us_permian,2024,8,1925.6352679359927,Sentinel-5P OFFL CH4 (Copernicus/ESA via GEE) — REAL
us_permian,2024,9,1945.4802524906906,Sentinel-5P OFFL CH4 (Copernicus/ESA via GEE) — REAL
us_permian,2024,10,1952.2365572151068,Sentinel-5P OFFL CH4 (Copernicus/ESA via GEE) — REAL
us_permian,2024,11,1950.970011938474,Sentinel-5P OFFL CH4 (Copernicus/ESA via GEE) — REAL
us_permian,2024,12,1940.8514273952242,Sentinel-5P OFFL CH4 (Copernicus/ESA via GEE) — REAL
us_bakken,2019,1,1834.2488146231442,Sentinel-5P OFFL CH4 (Copernicus/ESA via GEE) — REAL
us_bakken,2019,2,1852.2523554228285,Sentinel-5P OFFL CH4 (Copernicus/ESA via GEE) — REAL
us_bakken,2019,3,1837.2961230084652,Sentinel-5P OFFL CH4 (Copernicus/ESA via GEE) — REAL
us_bakken,2019,4,1826.9197502312256,Sentinel-5P OFFL CH4 (Copernicus/ESA via GEE) — REAL
us_bakken,2019,5,1842.523828974342,Sentinel-5P OFFL CH4 (Copernicus/ESA via GEE) — REAL
us_bakken,2019,6,1832.6098542627467,Sentinel-5P OFFL CH4 (Copernicus/ESA via GEE) — REAL
us_bakken,2019,7,1835.5598567664772,Sentinel-5P OFFL CH4 (Copernicus/ESA via GEE) — REAL
us_bakken,2019,8,1834.0894598195193,Sentinel-5P OFFL CH4 (Copernicus/ESA via GEE) — REAL
us_bakken,2019,9,1847.5998719673041,Sentinel-5P OFFL CH4 (Copernicus/ESA via GEE) — REAL
us_bakken,2019,10,1847.1608142083403,Sentinel-5P OFFL CH4 (Copernicus/ESA via GEE) — REAL
us_bakken,2019,11,1847.2091730643635,Sentinel-5P OFFL CH4 (Copernicus/ESA via GEE) — REAL
us_bakken,2020,1,1851.330499404343,Sentinel-5P OFFL CH4 (Copernicus/ESA via GEE) — REAL
us_bakken,2020,2,1850.6421683293574,Sentinel-5P OFFL CH4 (Copernicus/ESA via GEE) — REAL
us_bakken,2020,3,1845.8201725404188,Sentinel-5P OFFL CH4 (Copernicus/ESA via GEE) — REAL
us_bakken,2020,4,1863.4400809427411,Sentinel-5P OFFL CH4 (Copernicus/ESA via GEE) — REAL
us_bakken,2020,5,1856.4145030229222,Sentinel-5P OFFL CH4 (Copernicus/ESA via GEE) — REAL
us_bakken,2020,6,1848.340637850279,Sentinel-5P OFFL CH4 (Copernicus/ESA via GEE) — REAL
us_bakken,2020,7,1846.275016386598,Sentinel-5P OFFL CH4 (Copernicus/ESA via GEE) — REAL
us_bakken,2020,8,1856.6395592865476,Sentinel-5P OFFL CH4 (Copernicus/ESA via GEE) — REAL
us_bakken,2020,9,1872.499789501781,Sentinel-5P OFFL CH4 (Copernicus/ESA via GEE) — REAL
us_bakken,2020,10,1862.102295913938,Sentinel-5P OFFL CH4 (Copernicus/ESA via GEE) — REAL
us_bakken,2020,11,1869.5354960219727,Sentinel-5P OFFL CH4 (Copernicus/ESA via GEE) — REAL
us_bakken,2020,12,1882.9836501254551,Sentinel-5P OFFL CH4 (Copernicus/ESA via GEE) — REAL
us_bakken,2021,1,1876.49222379401,Sentinel-5P OFFL CH4 (Copernicus/ESA via GEE) — REAL
us_bakken,2021,2,1849.5887017678103,Sentinel-5P OFFL CH4 (Copernicus/ESA via GEE) — REAL
us_bakken,2021,3,1861.0586824914499,Sentinel-5P OFFL CH4 (Copernicus/ESA via GEE) — REAL
us_bakken,2021,4,1857.9402411311885,Sentinel-5P OFFL CH4 (Copernicus/ESA via GEE) — REAL
us_bakken,2021,5,1865.4349915081712,Sentinel-5P OFFL CH4 (Copernicus/ESA via GEE) — REAL
us_bakken,2021,6,1869.6820858990525,Sentinel-5P OFFL CH4 (Copernicus/ESA via GEE) — REAL
us_bakken,2021,7,1859.3729585216395,Sentinel-5P OFFL CH4 (Copernicus/ESA via GEE) — REAL
us_bakken,2021,8,1867.901866052931,Sentinel-5P OFFL CH4 (Copernicus/ESA via GEE) — REAL
us_bakken,2021,9,1878.4102275863092,Sentinel-5P OFFL CH4 (Copernicus/ESA via GEE) — REAL
us_bakken,2021,10,1881.8815146299282,Sentinel-5P OFFL CH4 (Copernicus/ESA via GEE) — REAL
us_bakken,2021,11,1882.7886772179763,Sentinel-5P OFFL CH4 (Copernicus/ESA via GEE) — REAL
us_bakken,2022,1,1878.617143820512,Sentinel-5P OFFL CH4 (Copernicus/ESA via GEE) — REAL
us_bakken,2022,2,1878.8143013912133,Sentinel-5P OFFL CH4 (Copernicus/ESA via GEE) — REAL
us_bakken,2022,3,1862.8313091117013,Sentinel-5P OFFL CH4 (Copernicus/ESA via GEE) — REAL
us_bakken,2022,4,1868.4188349616306,Sentinel-5P OFFL CH4 (Copernicus/ESA via GEE) — REAL
us_bakken,2022,5,1858.1413117250668,Sentinel-5P OFFL CH4 (Copernicus/ESA via GEE) — REAL
us_bakken,2022,6,1869.1389102954915,Sentinel-5P OFFL CH4 (Copernicus/ESA via GEE) — REAL
us_bakken,2022,7,1863.2449820721663,Sentinel-5P OFFL CH4 (Copernicus/ESA via GEE) — REAL
us_bakken,2022,8,1885.2639210326483,Sentinel-5P OFFL CH4 (Copernicus/ESA via GEE) — REAL
us_bakken,2022,9,1884.4853020346666,Sentinel-5P OFFL CH4 (Copernicus/ESA via GEE) — REAL
us_bakken,2022,10,1888.6731125424938,Sentinel-5P OFFL CH4 (Copernicus/ESA via GEE) — REAL
us_bakken,2022,11,1895.4518523616046,Sentinel-5P OFFL CH4 (Copernicus/ESA via GEE) — REAL
us_bakken,2022,12,1921.661782593353,Sentinel-5P OFFL CH4 (Copernicus/ESA via GEE) — REAL
us_bakken,2023,1,1879.1425589631094,Sentinel-5P OFFL CH4 (Copernicus/ESA via GEE) — REAL
us_bakken,2023,2,1863.7582929102302,Sentinel-5P OFFL CH4 (Copernicus/ESA via GEE) — REAL
us_bakken,2023,3,1867.6215851593456,Sentinel-5P OFFL CH4 (Copernicus/ESA via GEE) — REAL
us_bakken,2023,4,1865.3571007263822,Sentinel-5P OFFL CH4 (Copernicus/ESA via GEE) — REAL
us_bakken,2023,5,1874.387188016165,Sentinel-5P OFFL CH4 (Copernicus/ESA via GEE) — REAL
us_bakken,2023,6,1879.4996990170418,Sentinel-5P OFFL CH4 (Copernicus/ESA via GEE) — REAL
us_bakken,2023,7,1879.0770130061974,Sentinel-5P OFFL CH4 (Copernicus/ESA via GEE) — REAL
us_bakken,2023,8,1894.2326809314884,Sentinel-5P OFFL CH4 (Copernicus/ESA via GEE) — REAL
us_bakken,2023,9,1893.5406628424153,Sentinel-5P OFFL CH4 (Copernicus/ESA via GEE) — REAL
us_bakken,2023,10,1888.5712876485356,Sentinel-5P OFFL CH4 (Copernicus/ESA via GEE) — REAL
us_bakken,2023,11,1898.4763726468148,Sentinel-5P OFFL CH4 (Copernicus/ESA via GEE) — REAL
us_bakken,2024,1,1874.73049526925,Sentinel-5P OFFL CH4 (Copernicus/ESA via GEE) — REAL
us_bakken,2024,2,1870.257424436179,Sentinel-5P OFFL CH4 (Copernicus/ESA via GEE) — REAL
us_bakken,2024,3,1872.4532338422775,Sentinel-5P OFFL CH4 (Copernicus/ESA via GEE) — REAL
us_bakken,2024,4,1881.5093976193382,Sentinel-5P OFFL CH4 (Copernicus/ESA via GEE) — REAL
us_bakken,2024,5,1874.894045955636,Sentinel-5P OFFL CH4 (Copernicus/ESA via GEE) — REAL
us_bakken,2024,6,1887.6491413604815,Sentinel-5P OFFL CH4 (Copernicus/ESA via GEE) — REAL
us_bakken,2024,7,1875.198483514673,Sentinel-5P OFFL CH4 (Copernicus/ESA via GEE) — REAL
us_bakken,2024,8,1887.3405586974495,Sentinel-5P OFFL CH4 (Copernicus/ESA via GEE) — REAL
us_bakken,2024,9,1899.3533734580255,Sentinel-5P OFFL CH4 (Copernicus/ESA via GEE) — REAL
us_bakken,2024,10,1907.6230503422987,Sentinel-5P OFFL CH4 (Copernicus/ESA via GEE) — REAL
us_bakken,2024,11,1911.119983179176,Sentinel-5P OFFL CH4 (Copernicus/ESA via GEE) — REAL
russia_priobskoye,2019,3,1800.3511517705363,Sentinel-5P OFFL CH4 (Copernicus/ESA via GEE) — REAL
russia_priobskoye,2019,4,1809.3028145685566,Sentinel-5P OFFL CH4 (Copernicus/ESA via GEE) — REAL
russia_priobskoye,2019,5,1812.5069650317143,Sentinel-5P OFFL CH4 (Copernicus/ESA via GEE) — REAL
russia_priobskoye,2019,6,1814.1274393402189,Sentinel-5P OFFL CH4 (Copernicus/ESA via GEE) — REAL
russia_priobskoye,2019,7,1825.2591789780433,Sentinel-5P OFFL CH4 (Copernicus/ESA via GEE) — REAL
russia_priobskoye,2019,8,1842.5465270037232,Sentinel-5P OFFL CH4 (Copernicus/ESA via GEE) — REAL
russia_priobskoye,2019,10,1810.5174737496095,Sentinel-5P OFFL CH4 (Copernicus/ESA via GEE) — REAL
russia_priobskoye,2020,2,1861.0456751774796,Sentinel-5P OFFL CH4 (Copernicus/ESA via GEE) — REAL
russia_priobskoye,2020,3,1816.9917372329885,Sentinel-5P OFFL CH4 (Copernicus/ESA via GEE) — REAL
russia_priobskoye,2020,5,1824.231596891624,Sentinel-5P OFFL CH4 (Copernicus/ESA via GEE) — REAL
russia_priobskoye,2020,6,1827.231501490029,Sentinel-5P OFFL CH4 (Copernicus/ESA via GEE) — REAL
russia_priobskoye,2020,7,1840.1559703623348,Sentinel-5P OFFL CH4 (Copernicus/ESA via GEE) — REAL
russia_priobskoye,2020,8,1860.0950170384936,Sentinel-5P OFFL CH4 (Copernicus/ESA via GEE) — REAL
russia_priobskoye,2020,9,1847.754268308565,Sentinel-5P OFFL CH4 (Copernicus/ESA via GEE) — REAL
russia_priobskoye,2020,10,1854.5337433190316,Sentinel-5P OFFL CH4 (Copernicus/ESA via GEE) — REAL
russia_priobskoye,2021,2,1855.4929170064972,Sentinel-5P OFFL CH4 (Copernicus/ESA via GEE) — REAL
russia_priobskoye,2021,3,1854.1200456463123,Sentinel-5P OFFL CH4 (Copernicus/ESA via GEE) — REAL
russia_priobskoye,2021,4,1813.6261112340549,Sentinel-5P OFFL CH4 (Copernicus/ESA via GEE) — REAL
russia_priobskoye,2021,5,1835.986608085723,Sentinel-5P OFFL CH4 (Copernicus/ESA via GEE) — REAL
russia_priobskoye,2021,6,1855.5263378979118,Sentinel-5P OFFL CH4 (Copernicus/ESA via GEE) — REAL
russia_priobskoye,2021,7,1843.6115535988754,Sentinel-5P OFFL CH4 (Copernicus/ESA via GEE) — REAL
russia_priobskoye,2021,8,1852.041670608953,Sentinel-5P OFFL CH4 (Copernicus/ESA via GEE) — REAL
russia_priobskoye,2021,9,1881.8938936367733,Sentinel-5P OFFL CH4 (Copernicus/ESA via GEE) — REAL
russia_priobskoye,2021,10,1847.2962875472083,Sentinel-5P OFFL CH4 (Copernicus/ESA via GEE) — REAL
russia_priobskoye,2022,3,1859.449077055418,Sentinel-5P OFFL CH4 (Copernicus/ESA via GEE) — REAL
russia_priobskoye,2022,4,1851.844614961272,Sentinel-5P OFFL CH4 (Copernicus/ESA via GEE) — REAL
russia_priobskoye,2022,5,1826.2044894745886,Sentinel-5P OFFL CH4 (Copernicus/ESA via GEE) — REAL
russia_priobskoye,2022,6,1845.1307257724006,Sentinel-5P OFFL CH4 (Copernicus/ESA via GEE) — REAL
russia_priobskoye,2022,7,1872.1508876038504,Sentinel-5P OFFL CH4 (Copernicus/ESA via GEE) — REAL
russia_priobskoye,2022,9,1876.2497756338407,Sentinel-5P OFFL CH4 (Copernicus/ESA via GEE) — REAL
russia_priobskoye,2022,10,1887.9844297550114,Sentinel-5P OFFL CH4 (Copernicus/ESA via GEE) — REAL
russia_priobskoye,2023,3,1877.16625250574,Sentinel-5P OFFL CH4 (Copernicus/ESA via GEE) — REAL
russia_priobskoye,2023,4,1868.839398700405,Sentinel-5P OFFL CH4 (Copernicus/ESA via GEE) — REAL
russia_priobskoye,2023,5,1870.5211386448573,Sentinel-5P OFFL CH4 (Copernicus/ESA via GEE) — REAL
russia_priobskoye,2023,6,1867.559047452669,Sentinel-5P OFFL CH4 (Copernicus/ESA via GEE) — REAL
russia_priobskoye,2023,7,1876.193954924863,Sentinel-5P OFFL CH4 (Copernicus/ESA via GEE) — REAL
russia_priobskoye,2023,8,1888.62885133847,Sentinel-5P OFFL CH4 (Copernicus/ESA via GEE) — REAL
russia_priobskoye,2023,9,1883.3601168138173,Sentinel-5P OFFL CH4 (Copernicus/ESA via GEE) — REAL
russia_priobskoye,2023,10,1881.317184110493,Sentinel-5P OFFL CH4 (Copernicus/ESA via GEE) — REAL
russia_priobskoye,2024,2,1860.7251212289816,Sentinel-5P OFFL CH4 (Copernicus/ESA via GEE) — REAL
russia_priobskoye,2024,3,1853.056561240173,Sentinel-5P OFFL CH4 (Copernicus/ESA via GEE) — REAL
russia_priobskoye,2024,4,1870.8144865403547,Sentinel-5P OFFL CH4 (Copernicus/ESA via GEE) — REAL
russia_priobskoye,2024,5,1856.0610660214202,Sentinel-5P OFFL CH4 (Copernicus/ESA via GEE) — REAL
russia_priobskoye,2024,6,1861.795566823708,Sentinel-5P OFFL CH4 (Copernicus/ESA via GEE) — REAL
russia_priobskoye,2024,7,1878.37046392949,Sentinel-5P OFFL CH4 (Copernicus/ESA via GEE) — REAL
russia_priobskoye,2024,8,1867.895392566484,Sentinel-5P OFFL CH4 (Copernicus/ESA via GEE) — REAL
russia_priobskoye,2024,9,1894.1496443237097,Sentinel-5P OFFL CH4 (Copernicus/ESA via GEE) — REAL
russia_priobskoye,2024,10,1846.1726490809847,Sentinel-5P OFFL CH4 (Copernicus/ESA via GEE) — REAL
iraq_rumaila,2019,1,1887.8552286176744,Sentinel-5P OFFL CH4 (Copernicus/ESA via GEE) — REAL
iraq_rumaila,2019,2,1890.1341368741103,Sentinel-5P OFFL CH4 (Copernicus/ESA via GEE) — REAL
iraq_rumaila,2019,3,1889.0022263146034,Sentinel-5P OFFL CH4 (Copernicus/ESA via GEE) — REAL
iraq_rumaila,2019,4,1890.521494030477,Sentinel-5P OFFL CH4 (Copernicus/ESA via GEE) — REAL
iraq_rumaila,2019,5,1886.428226028291,Sentinel-5P OFFL CH4 (Copernicus/ESA via GEE) — REAL
iraq_rumaila,2019,6,1876.2472374563238,Sentinel-5P OFFL CH4 (Copernicus/ESA via GEE) — REAL
iraq_rumaila,2019,7,1886.153527684688,Sentinel-5P OFFL CH4 (Copernicus/ESA via GEE) — REAL
iraq_rumaila,2019,8,1901.7931945892385,Sentinel-5P OFFL CH4 (Copernicus/ESA via GEE) — REAL
iraq_rumaila,2019,9,1911.0656025417225,Sentinel-5P OFFL CH4 (Copernicus/ESA via GEE) — REAL
iraq_rumaila,2019,10,1901.8116504776679,Sentinel-5P OFFL CH4 (Copernicus/ESA via GEE) — REAL
iraq_rumaila,2019,11,1915.0784521619582,Sentinel-5P OFFL CH4 (Copernicus/ESA via GEE) — REAL
iraq_rumaila,2019,12,1901.7586102649454,Sentinel-5P OFFL CH4 (Copernicus/ESA via GEE) — REAL
iraq_rumaila,2020,1,1903.0332803751899,Sentinel-5P OFFL CH4 (Copernicus/ESA via GEE) — REAL
iraq_rumaila,2020,2,1895.0852600160895,Sentinel-5P OFFL CH4 (Copernicus/ESA via GEE) — REAL
iraq_rumaila,2020,3,1890.2025032565678,Sentinel-5P OFFL CH4 (Copernicus/ESA via GEE) — REAL
iraq_rumaila,2020,4,1901.2902219312273,Sentinel-5P OFFL CH4 (Copernicus/ESA via GEE) — REAL
iraq_rumaila,2020,5,1905.8188703349647,Sentinel-5P OFFL CH4 (Copernicus/ESA via GEE) — REAL
iraq_rumaila,2020,6,1896.9272095566794,Sentinel-5P OFFL CH4 (Copernicus/ESA via GEE) — REAL
iraq_rumaila,2020,7,1905.94163688953,Sentinel-5P OFFL CH4 (Copernicus/ESA via GEE) — REAL
iraq_rumaila,2020,8,1931.5185781301632,Sentinel-5P OFFL CH4 (Copernicus/ESA via GEE) — REAL
iraq_rumaila,2020,9,1915.8335059931599,Sentinel-5P OFFL CH4 (Copernicus/ESA via GEE) — REAL
iraq_rumaila,2020,10,1922.0113916579564,Sentinel-5P OFFL CH4 (Copernicus/ESA via GEE) — REAL
iraq_rumaila,2020,11,1921.3986109777616,Sentinel-5P OFFL CH4 (Copernicus/ESA via GEE) — REAL
iraq_rumaila,2020,12,1928.689934605697,Sentinel-5P OFFL CH4 (Copernicus/ESA via GEE) — REAL
iraq_rumaila,2021,1,1921.2076693386298,Sentinel-5P OFFL CH4 (Copernicus/ESA via GEE) — REAL
iraq_rumaila,2021,2,1905.3181818702246,Sentinel-5P OFFL CH4 (Copernicus/ESA via GEE) — REAL
iraq_rumaila,2021,3,1911.023930424818,Sentinel-5P OFFL CH4 (Copernicus/ESA via GEE) — REAL
iraq_rumaila,2021,4,1911.333391319667,Sentinel-5P OFFL CH4 (Copernicus/ESA via GEE) — REAL
iraq_rumaila,2021,5,1912.5609742820673,Sentinel-5P OFFL CH4 (Copernicus/ESA via GEE) — REAL
iraq_rumaila,2021,6,1903.911436684004,Sentinel-5P OFFL CH4 (Copernicus/ESA via GEE) — REAL
iraq_rumaila,2021,7,1918.9409967933784,Sentinel-5P OFFL CH4 (Copernicus/ESA via GEE) — REAL
iraq_rumaila,2021,8,1940.4651171880155,Sentinel-5P OFFL CH4 (Copernicus/ESA via GEE) — REAL
iraq_rumaila,2021,9,1940.337444999687,Sentinel-5P OFFL CH4 (Copernicus/ESA via GEE) — REAL
iraq_rumaila,2021,10,1934.547664532299,Sentinel-5P OFFL CH4 (Copernicus/ESA via GEE) — REAL
iraq_rumaila,2021,11,1935.572343291075,Sentinel-5P OFFL CH4 (Copernicus/ESA via GEE) — REAL
iraq_rumaila,2021,12,1926.4279323646913,Sentinel-5P OFFL CH4 (Copernicus/ESA via GEE) — REAL
iraq_rumaila,2022,1,1924.5814021846568,Sentinel-5P OFFL CH4 (Copernicus/ESA via GEE) — REAL
iraq_rumaila,2022,2,1915.5924622101584,Sentinel-5P OFFL CH4 (Copernicus/ESA via GEE) — REAL
iraq_rumaila,2022,3,1916.460172808397,Sentinel-5P OFFL CH4 (Copernicus/ESA via GEE) — REAL
iraq_rumaila,2022,4,1909.1010670191324,Sentinel-5P OFFL CH4 (Copernicus/ESA via GEE) — REAL
iraq_rumaila,2022,5,1920.4803878149748,Sentinel-5P OFFL CH4 (Copernicus/ESA via GEE) — REAL
iraq_rumaila,2022,6,1909.096727313994,Sentinel-5P OFFL CH4 (Copernicus/ESA via GEE) — REAL
iraq_rumaila,2022,7,1926.3688865381632,Sentinel-5P OFFL CH4 (Copernicus/ESA via GEE) — REAL
iraq_rumaila,2022,8,1943.865633053618,Sentinel-5P OFFL CH4 (Copernicus/ESA via GEE) — REAL
iraq_rumaila,2022,9,1927.5021893072362,Sentinel-5P OFFL CH4 (Copernicus/ESA via GEE) — REAL
iraq_rumaila,2022,10,1919.6080537946273,Sentinel-5P OFFL CH4 (Copernicus/ESA via GEE) — REAL
iraq_rumaila,2022,11,1928.8778547157817,Sentinel-5P OFFL CH4 (Copernicus/ESA via GEE) — REAL
iraq_rumaila,2022,12,1928.8336947272592,Sentinel-5P OFFL CH4 (Copernicus/ESA via GEE) — REAL
iraq_rumaila,2023,1,1924.240257071922,Sentinel-5P OFFL CH4 (Copernicus/ESA via GEE) — REAL
iraq_rumaila,2023,2,1915.112622781825,Sentinel-5P OFFL CH4 (Copernicus/ESA via GEE) — REAL
iraq_rumaila,2023,3,1913.015483218542,Sentinel-5P OFFL CH4 (Copernicus/ESA via GEE) — REAL
iraq_rumaila,2023,4,1915.7199420313832,Sentinel-5P OFFL CH4 (Copernicus/ESA via GEE) — REAL
iraq_rumaila,2023,5,1921.54554154429,Sentinel-5P OFFL CH4 (Copernicus/ESA via GEE) — REAL
iraq_rumaila,2023,6,1915.2747855883536,Sentinel-5P OFFL CH4 (Copernicus/ESA via GEE) — REAL
iraq_rumaila,2023,7,1917.883387568636,Sentinel-5P OFFL CH4 (Copernicus/ESA via GEE) — REAL
iraq_rumaila,2023,8,1929.5220104328905,Sentinel-5P OFFL CH4 (Copernicus/ESA via GEE) — REAL
iraq_rumaila,2023,9,1940.7029455491465,Sentinel-5P OFFL CH4 (Copernicus/ESA via GEE) — REAL
iraq_rumaila,2023,10,1924.6338929028768,Sentinel-5P OFFL CH4 (Copernicus/ESA via GEE) — REAL
iraq_rumaila,2023,11,1933.2781391930605,Sentinel-5P OFFL CH4 (Copernicus/ESA via GEE) — REAL
iraq_rumaila,2023,12,1935.2656647999377,Sentinel-5P OFFL CH4 (Copernicus/ESA via GEE) — REAL
iraq_rumaila,2024,1,1931.6217386590977,Sentinel-5P OFFL CH4 (Copernicus/ESA via GEE) — REAL
iraq_rumaila,2024,2,1933.4227784049303,Sentinel-5P OFFL CH4 (Copernicus/ESA via GEE) — REAL
iraq_rumaila,2024,3,1926.5225587583661,Sentinel-5P OFFL CH4 (Copernicus/ESA via GEE) — REAL
iraq_rumaila,2024,4,1926.5438926473564,Sentinel-5P OFFL CH4 (Copernicus/ESA via GEE) — REAL
iraq_rumaila,2024,5,1927.1278335194936,Sentinel-5P OFFL CH4 (Copernicus/ESA via GEE) — REAL
iraq_rumaila,2024,6,1920.2934409300422,Sentinel-5P OFFL CH4 (Copernicus/ESA via GEE) — REAL
iraq_rumaila,2024,7,1935.821807267734,Sentinel-5P OFFL CH4 (Copernicus/ESA via GEE) — REAL
iraq_rumaila,2024,8,1959.402852686588,Sentinel-5P OFFL CH4 (Copernicus/ESA via GEE) — REAL
iraq_rumaila,2024,9,1945.0944858006208,Sentinel-5P OFFL CH4 (Copernicus/ESA via GEE) — REAL
iraq_rumaila,2024,10,1948.3089634027333,Sentinel-5P OFFL CH4 (Copernicus/ESA via GEE) — REAL
iraq_rumaila,2024,11,1948.1553427693864,Sentinel-5P OFFL CH4 (Copernicus/ESA via GEE) — REAL
iraq_rumaila,2024,12,1947.0729374013306,Sentinel-5P OFFL CH4 (Copernicus/ESA via GEE) — REAL
iran_south_pars,2019,2,1871.7856513427118,Sentinel-5P OFFL CH4 (Copernicus/ESA via GEE) — REAL
iran_south_pars,2019,3,1913.0580151981635,Sentinel-5P OFFL CH4 (Copernicus/ESA via GEE) — REAL
iran_south_pars,2019,4,1862.0169700593292,Sentinel-5P OFFL CH4 (Copernicus/ESA via GEE) — REAL
iran_south_pars,2019,5,1876.1855149755554,Sentinel-5P OFFL CH4 (Copernicus/ESA via GEE) — REAL
iran_south_pars,2019,6,1865.1873941550757,Sentinel-5P OFFL CH4 (Copernicus/ESA via GEE) — REAL
iran_south_pars,2019,7,1879.5287445694826,Sentinel-5P OFFL CH4 (Copernicus/ESA via GEE) — REAL
iran_south_pars,2019,8,1908.3592826583515,Sentinel-5P OFFL CH4 (Copernicus/ESA via GEE) — REAL
iran_south_pars,2019,9,1914.4732631680952,Sentinel-5P OFFL CH4 (Copernicus/ESA via GEE) — REAL
iran_south_pars,2019,10,1906.9378140982628,Sentinel-5P OFFL CH4 (Copernicus/ESA via GEE) — REAL
iran_south_pars,2019,11,1909.5219549743601,Sentinel-5P OFFL CH4 (Copernicus/ESA via GEE) — REAL
iran_south_pars,2019,12,1890.9064084109134,Sentinel-5P OFFL CH4 (Copernicus/ESA via GEE) — REAL
iran_south_pars,2020,1,1901.5513382302136,Sentinel-5P OFFL CH4 (Copernicus/ESA via GEE) — REAL
iran_south_pars,2020,2,1895.9200563103363,Sentinel-5P OFFL CH4 (Copernicus/ESA via GEE) — REAL
iran_south_pars,2020,5,1878.9155444184214,Sentinel-5P OFFL CH4 (Copernicus/ESA via GEE) — REAL
iran_south_pars,2020,6,1872.4053417433686,Sentinel-5P OFFL CH4 (Copernicus/ESA via GEE) — REAL
iran_south_pars,2020,7,1870.293934943636,Sentinel-5P OFFL CH4 (Copernicus/ESA via GEE) — REAL
iran_south_pars,2020,8,1921.9412222446012,Sentinel-5P OFFL CH4 (Copernicus/ESA via GEE) — REAL
iran_south_pars,2020,9,1922.3599785984645,Sentinel-5P OFFL CH4 (Copernicus/ESA via GEE) — REAL
iran_south_pars,2020,10,1921.210846522439,Sentinel-5P OFFL CH4 (Copernicus/ESA via GEE) — REAL
iran_south_pars,2020,11,1929.2633087717652,Sentinel-5P OFFL CH4 (Copernicus/ESA via GEE) — REAL
iran_south_pars,2020,12,1928.910097646819,Sentinel-5P OFFL CH4 (Copernicus/ESA via GEE) — REAL
iran_south_pars,2021,2,1887.363302668809,Sentinel-5P OFFL CH4 (Copernicus/ESA via GEE) — REAL
iran_south_pars,2021,3,1897.6984814037899,Sentinel-5P OFFL CH4 (Copernicus/ESA via GEE) — REAL
iran_south_pars,2021,4,1873.8796097381467,Sentinel-5P OFFL CH4 (Copernicus/ESA via GEE) — REAL
iran_south_pars,2021,5,1898.9442696122192,Sentinel-5P OFFL CH4 (Copernicus/ESA via GEE) — REAL
iran_south_pars,2021,6,1882.1014755367373,Sentinel-5P OFFL CH4 (Copernicus/ESA via GEE) — REAL
iran_south_pars,2021,7,1908.8021352360774,Sentinel-5P OFFL CH4 (Copernicus/ESA via GEE) — REAL
iran_south_pars,2021,8,1933.1468106587824,Sentinel-5P OFFL CH4 (Copernicus/ESA via GEE) — REAL
iran_south_pars,2021,9,1945.7862605661535,Sentinel-5P OFFL CH4 (Copernicus/ESA via GEE) — REAL
iran_south_pars,2021,10,1928.7438194666768,Sentinel-5P OFFL CH4 (Copernicus/ESA via GEE) — REAL
iran_south_pars,2021,11,1924.8993502337428,Sentinel-5P OFFL CH4 (Copernicus/ESA via GEE) — REAL
iran_south_pars,2021,12,1923.0494293093743,Sentinel-5P OFFL CH4 (Copernicus/ESA via GEE) — REAL
iran_south_pars,2022,1,1906.5135944395893,Sentinel-5P OFFL CH4 (Copernicus/ESA via GEE) — REAL
iran_south_pars,2022,2,1892.0082046210423,Sentinel-5P OFFL CH4 (Copernicus/ESA via GEE) — REAL
iran_south_pars,2022,3,1894.470352689356,Sentinel-5P OFFL CH4 (Copernicus/ESA via GEE) — REAL
iran_south_pars,2022,4,1903.4400917793987,Sentinel-5P OFFL CH4 (Copernicus/ESA via GEE) — REAL
iran_south_pars,2022,5,1908.5747637599052,Sentinel-5P OFFL CH4 (Copernicus/ESA via GEE) — REAL
iran_south_pars,2022,6,1898.7053162282268,Sentinel-5P OFFL CH4 (Copernicus/ESA via GEE) — REAL
iran_south_pars,2022,7,1917.070029038936,Sentinel-5P OFFL CH4 (Copernicus/ESA via GEE) — REAL
iran_south_pars,2022,8,1968.0308370079488,Sentinel-5P OFFL CH4 (Copernicus/ESA via GEE) — REAL
iran_south_pars,2022,9,1923.0886257537425,Sentinel-5P OFFL CH4 (Copernicus/ESA via GEE) — REAL
iran_south_pars,2022,10,1929.1423687022498,Sentinel-5P OFFL CH4 (Copernicus/ESA via GEE) — REAL
iran_south_pars,2022,11,1918.7679322210797,Sentinel-5P OFFL CH4 (Copernicus/ESA via GEE) — REAL
iran_south_pars,2022,12,1923.5992599075162,Sentinel-5P OFFL CH4 (Copernicus/ESA via GEE) — REAL
iran_south_pars,2023,1,1897.2737072484733,Sentinel-5P OFFL CH4 (Copernicus/ESA via GEE) — REAL
iran_south_pars,2023,2,1892.3987097418856,Sentinel-5P OFFL CH4 (Copernicus/ESA via GEE) — REAL
iran_south_pars,2023,3,1863.7664251894673,Sentinel-5P OFFL CH4 (Copernicus/ESA via GEE) — REAL
iran_south_pars,2023,4,1888.003559160658,Sentinel-5P OFFL CH4 (Copernicus/ESA via GEE) — REAL
iran_south_pars,2023,5,1883.7088584524513,Sentinel-5P OFFL CH4 (Copernicus/ESA via GEE) — REAL
iran_south_pars,2023,6,1891.7440946409383,Sentinel-5P OFFL CH4 (Copernicus/ESA via GEE) — REAL
iran_south_pars,2023,7,1894.7964875097348,Sentinel-5P OFFL CH4 (Copernicus/ESA via GEE) — REAL
iran_south_pars,2023,8,1919.8618046271097,Sentinel-5P OFFL CH4 (Copernicus/ESA via GEE) — REAL
iran_south_pars,2023,9,1914.8850363233973,Sentinel-5P OFFL CH4 (Copernicus/ESA via GEE) — REAL
iran_south_pars,2023,10,1892.6250332806283,Sentinel-5P OFFL CH4 (Copernicus/ESA via GEE) — REAL
iran_south_pars,2023,11,1896.6423927458063,Sentinel-5P OFFL CH4 (Copernicus/ESA via GEE) — REAL
iran_south_pars,2023,12,1881.9220798807335,Sentinel-5P OFFL CH4 (Copernicus/ESA via GEE) — REAL
iran_south_pars,2024,1,1887.5861460062167,Sentinel-5P OFFL CH4 (Copernicus/ESA via GEE) — REAL
iran_south_pars,2024,2,1877.6271753380624,Sentinel-5P OFFL CH4 (Copernicus/ESA via GEE) — REAL
iran_south_pars,2024,3,1907.2343791344642,Sentinel-5P OFFL CH4 (Copernicus/ESA via GEE) — REAL
iran_south_pars,2024,4,1902.0026967344597,Sentinel-5P OFFL CH4 (Copernicus/ESA via GEE) — REAL
iran_south_pars,2024,5,1899.2051419680654,Sentinel-5P OFFL CH4 (Copernicus/ESA via GEE) — REAL
iran_south_pars,2024,6,1908.3238232381402,Sentinel-5P OFFL CH4 (Copernicus/ESA via GEE) — REAL
iran_south_pars,2024,7,1912.3753892574068,Sentinel-5P OFFL CH4 (Copernicus/ESA via GEE) — REAL
iran_south_pars,2024,8,1942.1615008550164,Sentinel-5P OFFL CH4 (Copernicus/ESA via GEE) — REAL
iran_south_pars,2024,9,1906.1651252037366,Sentinel-5P OFFL CH4 (Copernicus/ESA via GEE) — REAL
iran_south_pars,2024,10,1904.7660523076509,Sentinel-5P OFFL CH4 (Copernicus/ESA via GEE) — REAL
iran_south_pars,2024,11,1891.0604592259663,Sentinel-5P OFFL CH4 (Copernicus/ESA via GEE) — REAL
iran_south_pars,2024,12,1900.4754039281693,Sentinel-5P OFFL CH4 (Copernicus/ESA via GEE) — REAL
algeria_hassi_messaoud,2019,1,1881.0529004780371,Sentinel-5P OFFL CH4 (Copernicus/ESA via GEE) — REAL
algeria_hassi_messaoud,2019,2,1875.339405070982,Sentinel-5P OFFL CH4 (Copernicus/ESA via GEE) — REAL
algeria_hassi_messaoud,2019,3,1863.8010404694353,Sentinel-5P OFFL CH4 (Copernicus/ESA via GEE) — REAL
algeria_hassi_messaoud,2019,4,1862.976857890401,Sentinel-5P OFFL CH4 (Copernicus/ESA via GEE) — REAL
algeria_hassi_messaoud,2019,5,1844.4755836933919,Sentinel-5P OFFL CH4 (Copernicus/ESA via GEE) — REAL
algeria_hassi_messaoud,2019,6,1879.613039301077,Sentinel-5P OFFL CH4 (Copernicus/ESA via GEE) — REAL
algeria_hassi_messaoud,2019,8,1891.3654432582432,Sentinel-5P OFFL CH4 (Copernicus/ESA via GEE) — REAL
algeria_hassi_messaoud,2019,9,1890.986839277938,Sentinel-5P OFFL CH4 (Copernicus/ESA via GEE) — REAL
algeria_hassi_messaoud,2019,10,1901.7707793739714,Sentinel-5P OFFL CH4 (Copernicus/ESA via GEE) — REAL
algeria_hassi_messaoud,2019,11,1910.8616041096452,Sentinel-5P OFFL CH4 (Copernicus/ESA via GEE) — REAL
algeria_hassi_messaoud,2019,12,1899.062989906651,Sentinel-5P OFFL CH4 (Copernicus/ESA via GEE) — REAL
algeria_hassi_messaoud,2020,1,1894.8293457892346,Sentinel-5P OFFL CH4 (Copernicus/ESA via GEE) — REAL
algeria_hassi_messaoud,2020,2,1881.8036952737837,Sentinel-5P OFFL CH4 (Copernicus/ESA via GEE) — REAL
algeria_hassi_messaoud,2020,3,1874.5156115679579,Sentinel-5P OFFL CH4 (Copernicus/ESA via GEE) — REAL
algeria_hassi_messaoud,2020,4,1893.58556800555,Sentinel-5P OFFL CH4 (Copernicus/ESA via GEE) — REAL
algeria_hassi_messaoud,2020,5,1909.1862740574811,Sentinel-5P OFFL CH4 (Copernicus/ESA via GEE) — REAL
algeria_hassi_messaoud,2020,6,1895.7280999626073,Sentinel-5P OFFL CH4 (Copernicus/ESA via GEE) — REAL
algeria_hassi_messaoud,2020,7,1893.3761949653876,Sentinel-5P OFFL CH4 (Copernicus/ESA via GEE) — REAL
algeria_hassi_messaoud,2020,8,1893.4108781363277,Sentinel-5P OFFL CH4 (Copernicus/ESA via GEE) — REAL
algeria_hassi_messaoud,2020,9,1902.7599789300218,Sentinel-5P OFFL CH4 (Copernicus/ESA via GEE) — REAL
algeria_hassi_messaoud,2020,10,1915.773141791354,Sentinel-5P OFFL CH4 (Copernicus/ESA via GEE) — REAL
algeria_hassi_messaoud,2020,11,1916.1377222913477,Sentinel-5P OFFL CH4 (Copernicus/ESA via GEE) — REAL
algeria_hassi_messaoud,2020,12,1918.6969477009932,Sentinel-5P OFFL CH4 (Copernicus/ESA via GEE) — REAL
algeria_hassi_messaoud,2021,1,1910.6606324267032,Sentinel-5P OFFL CH4 (Copernicus/ESA via GEE) — REAL
algeria_hassi_messaoud,2021,2,1891.2484168213457,Sentinel-5P OFFL CH4 (Copernicus/ESA via GEE) — REAL
algeria_hassi_messaoud,2021,3,1896.8200664359197,Sentinel-5P OFFL CH4 (Copernicus/ESA via GEE) — REAL
algeria_hassi_messaoud,2021,4,1899.5901806437225,Sentinel-5P OFFL CH4 (Copernicus/ESA via GEE) — REAL
algeria_hassi_messaoud,2021,5,1903.6938667638153,Sentinel-5P OFFL CH4 (Copernicus/ESA via GEE) — REAL
algeria_hassi_messaoud,2021,6,1907.7409475189254,Sentinel-5P OFFL CH4 (Copernicus/ESA via GEE) — REAL
algeria_hassi_messaoud,2021,7,1905.7760168159753,Sentinel-5P OFFL CH4 (Copernicus/ESA via GEE) — REAL
algeria_hassi_messaoud,2021,8,1914.67243865765,Sentinel-5P OFFL CH4 (Copernicus/ESA via GEE) — REAL
algeria_hassi_messaoud,2021,9,1924.4158720152457,Sentinel-5P OFFL CH4 (Copernicus/ESA via GEE) — REAL
algeria_hassi_messaoud,2021,10,1921.729910461498,Sentinel-5P OFFL CH4 (Copernicus/ESA via GEE) — REAL
algeria_hassi_messaoud,2021,11,1935.001506132247,Sentinel-5P OFFL CH4 (Copernicus/ESA via GEE) — REAL
algeria_hassi_messaoud,2021,12,1924.3799135869983,Sentinel-5P OFFL CH4 (Copernicus/ESA via GEE) — REAL
algeria_hassi_messaoud,2022,1,1919.9867334820374,Sentinel-5P OFFL CH4 (Copernicus/ESA via GEE) — REAL
algeria_hassi_messaoud,2022,2,1901.8898445014686,Sentinel-5P OFFL CH4 (Copernicus/ESA via GEE) — REAL
algeria_hassi_messaoud,2022,3,1904.2437748107309,Sentinel-5P OFFL CH4 (Copernicus/ESA via GEE) — REAL
algeria_hassi_messaoud,2022,4,1905.4759656192498,Sentinel-5P OFFL CH4 (Copernicus/ESA via GEE) — REAL
algeria_hassi_messaoud,2022,5,1898.4907156670488,Sentinel-5P OFFL CH4 (Copernicus/ESA via GEE) — REAL
algeria_hassi_messaoud,2022,6,1894.9955806143712,Sentinel-5P OFFL CH4 (Copernicus/ESA via GEE) — REAL
algeria_hassi_messaoud,2022,7,1899.3460821796273,Sentinel-5P OFFL CH4 (Copernicus/ESA via GEE) — REAL
algeria_hassi_messaoud,2022,8,1907.3566841996706,Sentinel-5P OFFL CH4 (Copernicus/ESA via GEE) — REAL
algeria_hassi_messaoud,2022,9,1914.4313032330142,Sentinel-5P OFFL CH4 (Copernicus/ESA via GEE) — REAL
algeria_hassi_messaoud,2022,10,1916.4329451019833,Sentinel-5P OFFL CH4 (Copernicus/ESA via GEE) — REAL
algeria_hassi_messaoud,2022,11,1925.8685079583377,Sentinel-5P OFFL CH4 (Copernicus/ESA via GEE) — REAL
algeria_hassi_messaoud,2022,12,1921.9942332963199,Sentinel-5P OFFL CH4 (Copernicus/ESA via GEE) — REAL
algeria_hassi_messaoud,2023,1,1925.6757789953735,Sentinel-5P OFFL CH4 (Copernicus/ESA via GEE) — REAL
algeria_hassi_messaoud,2023,2,1908.72682459623,Sentinel-5P OFFL CH4 (Copernicus/ESA via GEE) — REAL
algeria_hassi_messaoud,2023,3,1906.0156331295987,Sentinel-5P OFFL CH4 (Copernicus/ESA via GEE) — REAL
algeria_hassi_messaoud,2023,4,1907.7240876955989,Sentinel-5P OFFL CH4 (Copernicus/ESA via GEE) — REAL
algeria_hassi_messaoud,2023,5,1917.0755616858737,Sentinel-5P OFFL CH4 (Copernicus/ESA via GEE) — REAL
algeria_hassi_messaoud,2023,6,1910.2281721351758,Sentinel-5P OFFL CH4 (Copernicus/ESA via GEE) — REAL
algeria_hassi_messaoud,2023,7,1897.831013458274,Sentinel-5P OFFL CH4 (Copernicus/ESA via GEE) — REAL
algeria_hassi_messaoud,2023,8,1904.4629750939375,Sentinel-5P OFFL CH4 (Copernicus/ESA via GEE) — REAL
algeria_hassi_messaoud,2023,9,1919.8381141700363,Sentinel-5P OFFL CH4 (Copernicus/ESA via GEE) — REAL
algeria_hassi_messaoud,2023,10,1922.1704929764392,Sentinel-5P OFFL CH4 (Copernicus/ESA via GEE) — REAL
algeria_hassi_messaoud,2023,11,1931.9378771221961,Sentinel-5P OFFL CH4 (Copernicus/ESA via GEE) — REAL
algeria_hassi_messaoud,2023,12,1937.7077954335546,Sentinel-5P OFFL CH4 (Copernicus/ESA via GEE) — REAL
algeria_hassi_messaoud,2024,1,1931.7848799712967,Sentinel-5P OFFL CH4 (Copernicus/ESA via GEE) — REAL
algeria_hassi_messaoud,2024,2,1918.3403398917087,Sentinel-5P OFFL CH4 (Copernicus/ESA via GEE) — REAL
algeria_hassi_messaoud,2024,3,1920.6243666522055,Sentinel-5P OFFL CH4 (Copernicus/ESA via GEE) — REAL
algeria_hassi_messaoud,2024,4,1922.2000735275517,Sentinel-5P OFFL CH4 (Copernicus/ESA via GEE) — REAL
algeria_hassi_messaoud,2024,5,1923.2366907553396,Sentinel-5P OFFL CH4 (Copernicus/ESA via GEE) — REAL
algeria_hassi_messaoud,2024,6,1911.4808302894457,Sentinel-5P OFFL CH4 (Copernicus/ESA via GEE) — REAL
algeria_hassi_messaoud,2024,7,1920.5083258878344,Sentinel-5P OFFL CH4 (Copernicus/ESA via GEE) — REAL
algeria_hassi_messaoud,2024,8,1926.0872230963753,Sentinel-5P OFFL CH4 (Copernicus/ESA via GEE) — REAL
algeria_hassi_messaoud,2024,9,1927.9086502786668,Sentinel-5P OFFL CH4 (Copernicus/ESA via GEE) — REAL
algeria_hassi_messaoud,2024,10,1933.533083127167,Sentinel-5P OFFL CH4 (Copernicus/ESA via GEE) — REAL
algeria_hassi_messaoud,2024,11,1946.363909205377,Sentinel-5P OFFL CH4 (Copernicus/ESA via GEE) — REAL
algeria_hassi_messaoud,2024,12,1949.4752135754113,Sentinel-5P OFFL CH4 (Copernicus/ESA via GEE) — REAL
algeria_hassi_rmel,2019,1,1884.886866692211,Sentinel-5P OFFL CH4 (Copernicus/ESA via GEE) — REAL
algeria_hassi_rmel,2019,2,1874.684478887169,Sentinel-5P OFFL CH4 (Copernicus/ESA via GEE) — REAL
algeria_hassi_rmel,2019,3,1862.7622253732839,Sentinel-5P OFFL CH4 (Copernicus/ESA via GEE) — REAL
algeria_hassi_rmel,2019,4,1874.5036280490117,Sentinel-5P OFFL CH4 (Copernicus/ESA via GEE) — REAL
algeria_hassi_rmel,2019,8,1897.2606597112076,Sentinel-5P OFFL CH4 (Copernicus/ESA via GEE) — REAL
algeria_hassi_rmel,2019,9,1896.5719413153615,Sentinel-5P OFFL CH4 (Copernicus/ESA via GEE) — REAL
algeria_hassi_rmel,2019,10,1912.717859458909,Sentinel-5P OFFL CH4 (Copernicus/ESA via GEE) — REAL
algeria_hassi_rmel,2019,11,1910.2266872870255,Sentinel-5P OFFL CH4 (Copernicus/ESA via GEE) — REAL
algeria_hassi_rmel,2019,12,1900.8451807743043,Sentinel-5P OFFL CH4 (Copernicus/ESA via GEE) — REAL
algeria_hassi_rmel,2020,1,1901.390418292173,Sentinel-5P OFFL CH4 (Copernicus/ESA via GEE) — REAL
algeria_hassi_rmel,2020,2,1886.0185340637108,Sentinel-5P OFFL CH4 (Copernicus/ESA via GEE) — REAL
algeria_hassi_rmel,2020,3,1884.1545857832655,Sentinel-5P OFFL CH4 (Copernicus/ESA via GEE) — REAL
algeria_hassi_rmel,2020,4,1897.6567086981954,Sentinel-5P OFFL CH4 (Copernicus/ESA via GEE) — REAL
algeria_hassi_rmel,2020,5,1885.1735369010244,Sentinel-5P OFFL CH4 (Copernicus/ESA via GEE) — REAL
algeria_hassi_rmel,2020,6,1881.4877761453001,Sentinel-5P OFFL CH4 (Copernicus/ESA via GEE) — REAL
algeria_hassi_rmel,2020,7,1890.7478937110543,Sentinel-5P OFFL CH4 (Copernicus/ESA via GEE) — REAL
algeria_hassi_rmel,2020,8,1899.6777341393606,Sentinel-5P OFFL CH4 (Copernicus/ESA via GEE) — REAL
algeria_hassi_rmel,2020,9,1917.007164850762,Sentinel-5P OFFL CH4 (Copernicus/ESA via GEE) — REAL
algeria_hassi_rmel,2020,10,1924.7363340524992,Sentinel-5P OFFL CH4 (Copernicus/ESA via GEE) — REAL
algeria_hassi_rmel,2020,11,1925.7376037805714,Sentinel-5P OFFL CH4 (Copernicus/ESA via GEE) — REAL
algeria_hassi_rmel,2020,12,1927.6169523392277,Sentinel-5P OFFL CH4 (Copernicus/ESA via GEE) — REAL
algeria_hassi_rmel,2021,1,1916.0755453473093,Sentinel-5P OFFL CH4 (Copernicus/ESA via GEE) — REAL
algeria_hassi_rmel,2021,2,1903.873001387343,Sentinel-5P OFFL CH4 (Copernicus/ESA via GEE) — REAL
algeria_hassi_rmel,2021,3,1893.3499473449674,Sentinel-5P OFFL CH4 (Copernicus/ESA via GEE) — REAL
algeria_hassi_rmel,2021,4,1899.6722103999882,Sentinel-5P OFFL CH4 (Copernicus/ESA via GEE) — REAL
algeria_hassi_rmel,2021,5,1909.3262021958299,Sentinel-5P OFFL CH4 (Copernicus/ESA via GEE) — REAL
algeria_hassi_rmel,2021,7,1910.2901859679391,Sentinel-5P OFFL CH4 (Copernicus/ESA via GEE) — REAL
algeria_hassi_rmel,2021,8,1914.7505303917153,Sentinel-5P OFFL CH4 (Copernicus/ESA via GEE) — REAL
algeria_hassi_rmel,2021,9,1927.6189755166688,Sentinel-5P OFFL CH4 (Copernicus/ESA via GEE) — REAL
algeria_hassi_rmel,2021,10,1923.2376768146532,Sentinel-5P OFFL CH4 (Copernicus/ESA via GEE) — REAL
algeria_hassi_rmel,2021,11,1936.4905582483022,Sentinel-5P OFFL CH4 (Copernicus/ESA via GEE) — REAL
algeria_hassi_rmel,2021,12,1923.623731474018,Sentinel-5P OFFL CH4 (Copernicus/ESA via GEE) — REAL
algeria_hassi_rmel,2022,1,1914.3054029652153,Sentinel-5P OFFL CH4 (Copernicus/ESA via GEE) — REAL
algeria_hassi_rmel,2022,2,1905.0312933687394,Sentinel-5P OFFL CH4 (Copernicus/ESA via GEE) — REAL
algeria_hassi_rmel,2022,3,1907.900362825731,Sentinel-5P OFFL CH4 (Copernicus/ESA via GEE) — REAL
algeria_hassi_rmel,2022,4,1910.7879674657443,Sentinel-5P OFFL CH4 (Copernicus/ESA via GEE) — REAL
algeria_hassi_rmel,2022,5,1902.0491287321474,Sentinel-5P OFFL CH4 (Copernicus/ESA via GEE) — REAL
algeria_hassi_rmel,2022,6,1892.972842602738,Sentinel-5P OFFL CH4 (Copernicus/ESA via GEE) — REAL
algeria_hassi_rmel,2022,7,1899.5838656237024,Sentinel-5P OFFL CH4 (Copernicus/ESA via GEE) — REAL
algeria_hassi_rmel,2022,9,1917.7631822529918,Sentinel-5P OFFL CH4 (Copernicus/ESA via GEE) — REAL
algeria_hassi_rmel,2022,10,1917.5951463581384,Sentinel-5P OFFL CH4 (Copernicus/ESA via GEE) — REAL
algeria_hassi_rmel,2022,11,1918.5395173715108,Sentinel-5P OFFL CH4 (Copernicus/ESA via GEE) — REAL
algeria_hassi_rmel,2022,12,1922.6751323452943,Sentinel-5P OFFL CH4 (Copernicus/ESA via GEE) — REAL
algeria_hassi_rmel,2023,1,1916.4197443505477,Sentinel-5P OFFL CH4 (Copernicus/ESA via GEE) — REAL
algeria_hassi_rmel,2023,2,1902.039099474984,Sentinel-5P OFFL CH4 (Copernicus/ESA via GEE) — REAL
algeria_hassi_rmel,2023,3,1898.5928381145343,Sentinel-5P OFFL CH4 (Copernicus/ESA via GEE) — REAL
algeria_hassi_rmel,2023,4,1902.8699925518454,Sentinel-5P OFFL CH4 (Copernicus/ESA via GEE) — REAL
algeria_hassi_rmel,2023,5,1906.2318291952788,Sentinel-5P OFFL CH4 (Copernicus/ESA via GEE) — REAL
algeria_hassi_rmel,2023,6,1909.9340301887407,Sentinel-5P OFFL CH4 (Copernicus/ESA via GEE) — REAL
algeria_hassi_rmel,2023,7,1892.6216023514405,Sentinel-5P OFFL CH4 (Copernicus/ESA via GEE) — REAL
algeria_hassi_rmel,2023,8,1907.1276853118686,Sentinel-5P OFFL CH4 (Copernicus/ESA via GEE) — REAL
algeria_hassi_rmel,2023,9,1921.9242001055313,Sentinel-5P OFFL CH4 (Copernicus/ESA via GEE) — REAL
algeria_hassi_rmel,2023,10,1922.0523518897974,Sentinel-5P OFFL CH4 (Copernicus/ESA via GEE) — REAL
algeria_hassi_rmel,2023,11,1928.0747995037484,Sentinel-5P OFFL CH4 (Copernicus/ESA via GEE) — REAL
algeria_hassi_rmel,2023,12,1931.6540375234158,Sentinel-5P OFFL CH4 (Copernicus/ESA via GEE) — REAL
algeria_hassi_rmel,2024,1,1920.8002775564498,Sentinel-5P OFFL CH4 (Copernicus/ESA via GEE) — REAL
algeria_hassi_rmel,2024,2,1915.7012879063534,Sentinel-5P OFFL CH4 (Copernicus/ESA via GEE) — REAL
algeria_hassi_rmel,2024,3,1915.7397432941607,Sentinel-5P OFFL CH4 (Copernicus/ESA via GEE) — REAL
algeria_hassi_rmel,2024,4,1912.2700000078692,Sentinel-5P OFFL CH4 (Copernicus/ESA via GEE) — REAL
algeria_hassi_rmel,2024,5,1923.4162825598487,Sentinel-5P OFFL CH4 (Copernicus/ESA via GEE) — REAL
algeria_hassi_rmel,2024,6,1916.1038968702153,Sentinel-5P OFFL CH4 (Copernicus/ESA via GEE) — REAL
algeria_hassi_rmel,2024,7,1916.350182778257,Sentinel-5P OFFL CH4 (Copernicus/ESA via GEE) — REAL
algeria_hassi_rmel,2024,8,1927.3009958126534,Sentinel-5P OFFL CH4 (Copernicus/ESA via GEE) — REAL
algeria_hassi_rmel,2024,9,1937.6900428447016,Sentinel-5P OFFL CH4 (Copernicus/ESA via GEE) — REAL
algeria_hassi_rmel,2024,10,1937.0980253677837,Sentinel-5P OFFL CH4 (Copernicus/ESA via GEE) — REAL
algeria_hassi_rmel,2024,11,1947.013651017823,Sentinel-5P OFFL CH4 (Copernicus/ESA via GEE) — REAL
algeria_hassi_rmel,2024,12,1946.3622755852991,Sentinel-5P OFFL CH4 (Copernicus/ESA via GEE) — REAL
nigeria_niger_delta,2019,1,1872.509353078975,Sentinel-5P OFFL CH4 (Copernicus/ESA via GEE) — REAL
nigeria_niger_delta,2019,12,1892.1502411164731,Sentinel-5P OFFL CH4 (Copernicus/ESA via GEE) — REAL
nigeria_niger_delta,2020,1,1880.6214978459734,Sentinel-5P OFFL CH4 (Copernicus/ESA via GEE) — REAL
nigeria_niger_delta,2020,2,1905.308863195163,Sentinel-5P OFFL CH4 (Copernicus/ESA via GEE) — REAL
nigeria_niger_delta,2021,12,1920.7639046399051,Sentinel-5P OFFL CH4 (Copernicus/ESA via GEE) — REAL
nigeria_niger_delta,2022,1,1902.1617457632367,Sentinel-5P OFFL CH4 (Copernicus/ESA via GEE) — REAL
nigeria_niger_delta,2022,2,1937.5765051212463,Sentinel-5P OFFL CH4 (Copernicus/ESA via GEE) — REAL
nigeria_niger_delta,2022,12,1925.0773477177452,Sentinel-5P OFFL CH4 (Copernicus/ESA via GEE) — REAL
nigeria_niger_delta,2023,1,1926.4403244390655,Sentinel-5P OFFL CH4 (Copernicus/ESA via GEE) — REAL
nigeria_niger_delta,2023,2,1955.85175604249,Sentinel-5P OFFL CH4 (Copernicus/ESA via GEE) — REAL
nigeria_niger_delta,2023,12,1955.7741059441876,Sentinel-5P OFFL CH4 (Copernicus/ESA via GEE) — REAL
nigeria_niger_delta,2024,1,1947.5947925127625,Sentinel-5P OFFL CH4 (Copernicus/ESA via GEE) — REAL
nigeria_niger_delta,2024,2,1980.1776940056816,Sentinel-5P OFFL CH4 (Copernicus/ESA via GEE) — REAL
nigeria_niger_delta,2024,4,1913.7238148475763,Sentinel-5P OFFL CH4 (Copernicus/ESA via GEE) — REAL
nigeria_niger_delta,2024,10,1902.426467452563,Sentinel-5P OFFL CH4 (Copernicus/ESA via GEE) — REAL
nigeria_niger_delta,2024,11,1964.7518163451775,Sentinel-5P OFFL CH4 (Copernicus/ESA via GEE) — REAL
nigeria_niger_delta,2024,12,1954.7876369725816,Sentinel-5P OFFL CH4 (Copernicus/ESA via GEE) — REAL
venezuela_maracaibo,2022,2,1927.2386885720898,Sentinel-5P OFFL CH4 (Copernicus/ESA via GEE) — REAL
venezuela_maracaibo,2022,7,1917.807617264401,Sentinel-5P OFFL CH4 (Copernicus/ESA via GEE) — REAL
venezuela_maracaibo,2022,9,1953.9806155335384,Sentinel-5P OFFL CH4 (Copernicus/ESA via GEE) — REAL
venezuela_maracaibo,2023,2,1939.2508953022727,Sentinel-5P OFFL CH4 (Copernicus/ESA via GEE) — REAL
venezuela_maracaibo,2023,3,1939.5067216989064,Sentinel-5P OFFL CH4 (Copernicus/ESA via GEE) — REAL
venezuela_maracaibo,2024,1,1906.3255079433293,Sentinel-5P OFFL CH4 (Copernicus/ESA via GEE) — REAL
venezuela_maracaibo,2024,2,1892.7607270652934,Sentinel-5P OFFL CH4 (Copernicus/ESA via GEE) — REAL
venezuela_maracaibo,2024,3,1885.7907284931805,Sentinel-5P OFFL CH4 (Copernicus/ESA via GEE) — REAL
venezuela_maracaibo,2024,6,1936.7792955782488,Sentinel-5P OFFL CH4 (Copernicus/ESA via GEE) — REAL
libya_sirte,2019,1,1887.2000696331468,Sentinel-5P OFFL CH4 (Copernicus/ESA via GEE) — REAL
libya_sirte,2019,2,1884.069946653513,Sentinel-5P OFFL CH4 (Copernicus/ESA via GEE) — REAL
libya_sirte,2019,3,1853.544865537704,Sentinel-5P OFFL CH4 (Copernicus/ESA via GEE) — REAL
libya_sirte,2019,8,1897.0079570928572,Sentinel-5P OFFL CH4 (Copernicus/ESA via GEE) — REAL
libya_sirte,2019,9,1896.317194908137,Sentinel-5P OFFL CH4 (Copernicus/ESA via GEE) — REAL
libya_sirte,2019,10,1902.7780662499829,Sentinel-5P OFFL CH4 (Copernicus/ESA via GEE) — REAL
libya_sirte,2019,11,1908.6213413756175,Sentinel-5P OFFL CH4 (Copernicus/ESA via GEE) — REAL
libya_sirte,2019,12,1899.309613831816,Sentinel-5P OFFL CH4 (Copernicus/ESA via GEE) — REAL
libya_sirte,2020,1,1898.5736101843977,Sentinel-5P OFFL CH4 (Copernicus/ESA via GEE) — REAL
libya_sirte,2020,2,1887.5150272419035,Sentinel-5P OFFL CH4 (Copernicus/ESA via GEE) — REAL
libya_sirte,2020,3,1873.825019575906,Sentinel-5P OFFL CH4 (Copernicus/ESA via GEE) — REAL
libya_sirte,2020,4,1889.7052191858288,Sentinel-5P OFFL CH4 (Copernicus/ESA via GEE) — REAL
libya_sirte,2020,8,1904.306304047941,Sentinel-5P OFFL CH4 (Copernicus/ESA via GEE) — REAL
libya_sirte,2020,9,1915.4348321292246,Sentinel-5P OFFL CH4 (Copernicus/ESA via GEE) — REAL
libya_sirte,2020,10,1921.9136731359333,Sentinel-5P OFFL CH4 (Copernicus/ESA via GEE) — REAL
libya_sirte,2020,11,1932.619671647641,Sentinel-5P OFFL CH4 (Copernicus/ESA via GEE) — REAL
libya_sirte,2020,12,1930.4671751876017,Sentinel-5P OFFL CH4 (Copernicus/ESA via GEE) — REAL
libya_sirte,2021,1,1913.502211489351,Sentinel-5P OFFL CH4 (Copernicus/ESA via GEE) — REAL
libya_sirte,2021,2,1892.7685218194085,Sentinel-5P OFFL CH4 (Copernicus/ESA via GEE) — REAL
libya_sirte,2021,3,1911.1428272468013,Sentinel-5P OFFL CH4 (Copernicus/ESA via GEE) — REAL
libya_sirte,2021,4,1905.9798765040052,Sentinel-5P OFFL CH4 (Copernicus/ESA via GEE) — REAL
libya_sirte,2021,5,1912.112871321233,Sentinel-5P OFFL CH4 (Copernicus/ESA via GEE) — REAL
libya_sirte,2021,7,1913.349067332619,Sentinel-5P OFFL CH4 (Copernicus/ESA via GEE) — REAL
libya_sirte,2021,8,1924.8219811268907,Sentinel-5P OFFL CH4 (Copernicus/ESA via GEE) — REAL
libya_sirte,2021,9,1932.849780825809,Sentinel-5P OFFL CH4 (Copernicus/ESA via GEE) — REAL
libya_sirte,2021,10,1938.6149781929453,Sentinel-5P OFFL CH4 (Copernicus/ESA via GEE) — REAL
libya_sirte,2021,11,1938.5737388730734,Sentinel-5P OFFL CH4 (Copernicus/ESA via GEE) — REAL
libya_sirte,2021,12,1937.5831203089638,Sentinel-5P OFFL CH4 (Copernicus/ESA via GEE) — REAL
libya_sirte,2022,1,1926.7439419335576,Sentinel-5P OFFL CH4 (Copernicus/ESA via GEE) — REAL
libya_sirte,2022,2,1908.9866269012216,Sentinel-5P OFFL CH4 (Copernicus/ESA via GEE) — REAL
libya_sirte,2022,3,1907.1322319386604,Sentinel-5P OFFL CH4 (Copernicus/ESA via GEE) — REAL
libya_sirte,2022,4,1913.3110134376536,Sentinel-5P OFFL CH4 (Copernicus/ESA via GEE) — REAL
libya_sirte,2022,5,1910.0461378990747,Sentinel-5P OFFL CH4 (Copernicus/ESA via GEE) — REAL
libya_sirte,2022,6,1908.6640227860573,Sentinel-5P OFFL CH4 (Copernicus/ESA via GEE) — REAL
libya_sirte,2022,7,1908.2111553720667,Sentinel-5P OFFL CH4 (Copernicus/ESA via GEE) — REAL
libya_sirte,2022,8,1915.9445045986342,Sentinel-5P OFFL CH4 (Copernicus/ESA via GEE) — REAL
libya_sirte,2022,9,1921.191631079007,Sentinel-5P OFFL CH4 (Copernicus/ESA via GEE) — REAL
libya_sirte,2022,10,1922.150999242641,Sentinel-5P OFFL CH4 (Copernicus/ESA via GEE) — REAL
libya_sirte,2022,11,1934.7572177118607,Sentinel-5P OFFL CH4 (Copernicus/ESA via GEE) — REAL
libya_sirte,2022,12,1926.7248045122344,Sentinel-5P OFFL CH4 (Copernicus/ESA via GEE) — REAL
libya_sirte,2023,1,1917.5274089992463,Sentinel-5P OFFL CH4 (Copernicus/ESA via GEE) — REAL
libya_sirte,2023,2,1915.9324819095457,Sentinel-5P OFFL CH4 (Copernicus/ESA via GEE) — REAL
libya_sirte,2023,3,1911.0248348387395,Sentinel-5P OFFL CH4 (Copernicus/ESA via GEE) — REAL
libya_sirte,2023,4,1921.0092556512961,Sentinel-5P OFFL CH4 (Copernicus/ESA via GEE) — REAL
libya_sirte,2023,5,1920.7698986150751,Sentinel-5P OFFL CH4 (Copernicus/ESA via GEE) — REAL
libya_sirte,2023,6,1916.3921003893106,Sentinel-5P OFFL CH4 (Copernicus/ESA via GEE) — REAL
libya_sirte,2023,7,1911.6765062746865,Sentinel-5P OFFL CH4 (Copernicus/ESA via GEE) — REAL
libya_sirte,2023,8,1928.4042646155235,Sentinel-5P OFFL CH4 (Copernicus/ESA via GEE) — REAL
libya_sirte,2023,9,1927.408383070172,Sentinel-5P OFFL CH4 (Copernicus/ESA via GEE) — REAL
libya_sirte,2023,10,1932.3574078224017,Sentinel-5P OFFL CH4 (Copernicus/ESA via GEE) — REAL
libya_sirte,2023,11,1933.7184408595756,Sentinel-5P OFFL CH4 (Copernicus/ESA via GEE) — REAL
libya_sirte,2023,12,1937.2139600541723,Sentinel-5P OFFL CH4 (Copernicus/ESA via GEE) — REAL
libya_sirte,2024,1,1925.8392403516757,Sentinel-5P OFFL CH4 (Copernicus/ESA via GEE) — REAL
libya_sirte,2024,2,1921.8708280661567,Sentinel-5P OFFL CH4 (Copernicus/ESA via GEE) — REAL
libya_sirte,2024,3,1924.347537056872,Sentinel-5P OFFL CH4 (Copernicus/ESA via GEE) — REAL
libya_sirte,2024,4,1920.4636735099525,Sentinel-5P OFFL CH4 (Copernicus/ESA via GEE) — REAL
libya_sirte,2024,5,1928.9027103338683,Sentinel-5P OFFL CH4 (Copernicus/ESA via GEE) — REAL
libya_sirte,2024,6,1921.1639504800019,Sentinel-5P OFFL CH4 (Copernicus/ESA via GEE) — REAL
libya_sirte,2024,7,1927.16959191187,Sentinel-5P OFFL CH4 (Copernicus/ESA via GEE) — REAL
libya_sirte,2024,8,1937.0725243691675,Sentinel-5P OFFL CH4 (Copernicus/ESA via GEE) — REAL
libya_sirte,2024,9,1939.094953857877,Sentinel-5P OFFL CH4 (Copernicus/ESA via GEE) — REAL
libya_sirte,2024,10,1944.1323463128879,Sentinel-5P OFFL CH4 (Copernicus/ESA via GEE) — REAL
libya_sirte,2024,11,1950.0408953147512,Sentinel-5P OFFL CH4 (Copernicus/ESA via GEE) — REAL
libya_sirte,2024,12,1947.0118860693067,Sentinel-5P OFFL CH4 (Copernicus/ESA via GEE) — REAL
kazakhstan_tengiz,2019,1,1867.4437106476814,Sentinel-5P OFFL CH4 (Copernicus/ESA via GEE) — REAL
kazakhstan_tengiz,2019,2,1864.7189677440629,Sentinel-5P OFFL CH4 (Copernicus/ESA via GEE) — REAL
kazakhstan_tengiz,2019,3,1859.810520802195,Sentinel-5P OFFL CH4 (Copernicus/ESA via GEE) — REAL
kazakhstan_tengiz,2019,4,1864.7649403866512,Sentinel-5P OFFL CH4 (Copernicus/ESA via GEE) — REAL
kazakhstan_tengiz,2019,5,1853.1349145628226,Sentinel-5P OFFL CH4 (Copernicus/ESA via GEE) — REAL
kazakhstan_tengiz,2019,6,1870.02741668512,Sentinel-5P OFFL CH4 (Copernicus/ESA via GEE) — REAL
kazakhstan_tengiz,2019,7,1876.1479423892438,Sentinel-5P OFFL CH4 (Copernicus/ESA via GEE) — REAL
kazakhstan_tengiz,2019,8,1888.3243600527337,Sentinel-5P OFFL CH4 (Copernicus/ESA via GEE) — REAL
kazakhstan_tengiz,2019,9,1894.7087022056794,Sentinel-5P OFFL CH4 (Copernicus/ESA via GEE) — REAL
kazakhstan_tengiz,2019,10,1877.2397684294865,Sentinel-5P OFFL CH4 (Copernicus/ESA via GEE) — REAL
kazakhstan_tengiz,2019,11,1878.7084165344231,Sentinel-5P OFFL CH4 (Copernicus/ESA via GEE) — REAL
kazakhstan_tengiz,2020,2,1872.0702133570535,Sentinel-5P OFFL CH4 (Copernicus/ESA via GEE) — REAL
kazakhstan_tengiz,2020,3,1870.5256736334825,Sentinel-5P OFFL CH4 (Copernicus/ESA via GEE) — REAL
kazakhstan_tengiz,2020,7,1901.3737814196327,Sentinel-5P OFFL CH4 (Copernicus/ESA via GEE) — REAL
kazakhstan_tengiz,2020,8,1891.5084481633605,Sentinel-5P OFFL CH4 (Copernicus/ESA via GEE) — REAL
kazakhstan_tengiz,2020,9,1898.651789345945,Sentinel-5P OFFL CH4 (Copernicus/ESA via GEE) — REAL
kazakhstan_tengiz,2020,10,1895.7951227962926,Sentinel-5P OFFL CH4 (Copernicus/ESA via GEE) — REAL
kazakhstan_tengiz,2020,11,1904.319450933885,Sentinel-5P OFFL CH4 (Copernicus/ESA via GEE) — REAL
kazakhstan_tengiz,2020,12,1907.5661268350011,Sentinel-5P OFFL CH4 (Copernicus/ESA via GEE) — REAL
kazakhstan_tengiz,2021,1,1900.3832939857973,Sentinel-5P OFFL CH4 (Copernicus/ESA via GEE) — REAL
kazakhstan_tengiz,2021,2,1904.6847667912716,Sentinel-5P OFFL CH4 (Copernicus/ESA via GEE) — REAL
kazakhstan_tengiz,2021,3,1869.3749045409663,Sentinel-5P OFFL CH4 (Copernicus/ESA via GEE) — REAL
kazakhstan_tengiz,2021,6,1891.3387406416075,Sentinel-5P OFFL CH4 (Copernicus/ESA via GEE) — REAL
kazakhstan_tengiz,2021,7,1895.6787839039512,Sentinel-5P OFFL CH4 (Copernicus/ESA via GEE) — REAL
kazakhstan_tengiz,2021,8,1912.7296334410112,Sentinel-5P OFFL CH4 (Copernicus/ESA via GEE) — REAL
kazakhstan_tengiz,2021,9,1915.8662101075322,Sentinel-5P OFFL CH4 (Copernicus/ESA via GEE) — REAL
kazakhstan_tengiz,2021,10,1915.0311209100184,Sentinel-5P OFFL CH4 (Copernicus/ESA via GEE) — REAL
kazakhstan_tengiz,2021,11,1927.7873460974597,Sentinel-5P OFFL CH4 (Copernicus/ESA via GEE) — REAL
kazakhstan_tengiz,2021,12,1927.6273829312506,Sentinel-5P OFFL CH4 (Copernicus/ESA via GEE) — REAL
kazakhstan_tengiz,2022,1,1895.2152103237088,Sentinel-5P OFFL CH4 (Copernicus/ESA via GEE) — REAL
kazakhstan_tengiz,2022,2,1908.568883306501,Sentinel-5P OFFL CH4 (Copernicus/ESA via GEE) — REAL
kazakhstan_tengiz,2022,3,1903.006529112615,Sentinel-5P OFFL CH4 (Copernicus/ESA via GEE) — REAL
kazakhstan_tengiz,2022,4,1913.6666374360188,Sentinel-5P OFFL CH4 (Copernicus/ESA via GEE) — REAL
kazakhstan_tengiz,2022,5,1894.0609969688733,Sentinel-5P OFFL CH4 (Copernicus/ESA via GEE) — REAL
kazakhstan_tengiz,2022,6,1884.8670609271428,Sentinel-5P OFFL CH4 (Copernicus/ESA via GEE) — REAL
kazakhstan_tengiz,2022,7,1914.2714898299264,Sentinel-5P OFFL CH4 (Copernicus/ESA via GEE) — REAL
kazakhstan_tengiz,2022,9,1912.5049680219042,Sentinel-5P OFFL CH4 (Copernicus/ESA via GEE) — REAL
kazakhstan_tengiz,2022,10,1916.7233723536583,Sentinel-5P OFFL CH4 (Copernicus/ESA via GEE) — REAL
kazakhstan_tengiz,2022,11,1928.5345232682087,Sentinel-5P OFFL CH4 (Copernicus/ESA via GEE) — REAL
kazakhstan_tengiz,2022,12,1920.2056002486072,Sentinel-5P OFFL CH4 (Copernicus/ESA via GEE) — REAL
kazakhstan_tengiz,2023,1,1910.7476395618846,Sentinel-5P OFFL CH4 (Copernicus/ESA via GEE) — REAL
kazakhstan_tengiz,2023,2,1899.7595260275211,Sentinel-5P OFFL CH4 (Copernicus/ESA via GEE) — REAL
kazakhstan_tengiz,2023,3,1893.8826799727906,Sentinel-5P OFFL CH4 (Copernicus/ESA via GEE) — REAL
kazakhstan_tengiz,2023,4,1906.1134185710905,Sentinel-5P OFFL CH4 (Copernicus/ESA via GEE) — REAL
kazakhstan_tengiz,2023,5,1905.1894298574612,Sentinel-5P OFFL CH4 (Copernicus/ESA via GEE) — REAL
kazakhstan_tengiz,2023,6,1909.164677893946,Sentinel-5P OFFL CH4 (Copernicus/ESA via GEE) — REAL
kazakhstan_tengiz,2023,7,1914.1111955795034,Sentinel-5P OFFL CH4 (Copernicus/ESA via GEE) — REAL
kazakhstan_tengiz,2023,8,1919.3933430923694,Sentinel-5P OFFL CH4 (Copernicus/ESA via GEE) — REAL
kazakhstan_tengiz,2023,9,1920.5814377702577,Sentinel-5P OFFL CH4 (Copernicus/ESA via GEE) — REAL
kazakhstan_tengiz,2023,10,1925.4246170436654,Sentinel-5P OFFL CH4 (Copernicus/ESA via GEE) — REAL
kazakhstan_tengiz,2023,11,1918.0445902133076,Sentinel-5P OFFL CH4 (Copernicus/ESA via GEE) — REAL
kazakhstan_tengiz,2023,12,1929.7706340605594,Sentinel-5P OFFL CH4 (Copernicus/ESA via GEE) — REAL
kazakhstan_tengiz,2024,1,1934.6626455596374,Sentinel-5P OFFL CH4 (Copernicus/ESA via GEE) — REAL
kazakhstan_tengiz,2024,2,1905.545950421181,Sentinel-5P OFFL CH4 (Copernicus/ESA via GEE) — REAL
kazakhstan_tengiz,2024,3,1900.0635192251953,Sentinel-5P OFFL CH4 (Copernicus/ESA via GEE) — REAL
kazakhstan_tengiz,2024,4,1906.2170550546282,Sentinel-5P OFFL CH4 (Copernicus/ESA via GEE) — REAL
kazakhstan_tengiz,2024,5,1913.3800415911928,Sentinel-5P OFFL CH4 (Copernicus/ESA via GEE) — REAL
kazakhstan_tengiz,2024,6,1908.238142516001,Sentinel-5P OFFL CH4 (Copernicus/ESA via GEE) — REAL
kazakhstan_tengiz,2024,7,1917.5999177342737,Sentinel-5P OFFL CH4 (Copernicus/ESA via GEE) — REAL
kazakhstan_tengiz,2024,8,1937.7506902214357,Sentinel-5P OFFL CH4 (Copernicus/ESA via GEE) — REAL
kazakhstan_tengiz,2024,9,1939.2278696731669,Sentinel-5P OFFL CH4 (Copernicus/ESA via GEE) — REAL
kazakhstan_tengiz,2024,10,1937.9472268859731,Sentinel-5P OFFL CH4 (Copernicus/ESA via GEE) — REAL
kazakhstan_tengiz,2024,11,1929.2961455039974,Sentinel-5P OFFL CH4 (Copernicus/ESA via GEE) — REAL
kazakhstan_tengiz,2024,12,1943.3321100315216,Sentinel-5P OFFL CH4 (Copernicus/ESA via GEE) — REAL
mexico_cantarell,2022,3,1888.7393700217053,Sentinel-5P OFFL CH4 (Copernicus/ESA via GEE) — REAL
mexico_cantarell,2022,4,1886.370588109917,Sentinel-5P OFFL CH4 (Copernicus/ESA via GEE) — REAL
mexico_cantarell,2022,5,1886.336686279146,Sentinel-5P OFFL CH4 (Copernicus/ESA via GEE) — REAL
mexico_cantarell,2022,6,1906.370783676487,Sentinel-5P OFFL CH4 (Copernicus/ESA via GEE) — REAL
mexico_cantarell,2022,7,1804.1584067460892,Sentinel-5P OFFL CH4 (Copernicus/ESA via GEE) — REAL
mexico_cantarell,2022,9,1909.7694103091449,Sentinel-5P OFFL CH4 (Copernicus/ESA via GEE) — REAL
mexico_cantarell,2023,3,1884.5292203429535,Sentinel-5P OFFL CH4 (Copernicus/ESA via GEE) — REAL
mexico_cantarell,2023,4,1890.6333086679713,Sentinel-5P OFFL CH4 (Copernicus/ESA via GEE) — REAL
mexico_cantarell,2023,5,1932.0780335653687,Sentinel-5P OFFL CH4 (Copernicus/ESA via GEE) — REAL
mexico_cantarell,2023,6,1894.6979061869183,Sentinel-5P OFFL CH4 (Copernicus/ESA via GEE) — REAL
mexico_cantarell,2023,7,1859.5431442420168,Sentinel-5P OFFL CH4 (Copernicus/ESA via GEE) — REAL
mexico_cantarell,2023,8,1913.7975827076564,Sentinel-5P OFFL CH4 (Copernicus/ESA via GEE) — REAL
mexico_cantarell,2023,9,1898.253788707088,Sentinel-5P OFFL CH4 (Copernicus/ESA via GEE) — REAL
mexico_cantarell,2023,10,1895.8810391051504,Sentinel-5P OFFL CH4 (Copernicus/ESA via GEE) — REAL
mexico_cantarell,2024,3,1891.9949979608346,Sentinel-5P OFFL CH4 (Copernicus/ESA via GEE) — REAL
mexico_cantarell,2024,4,1914.370035628214,Sentinel-5P OFFL CH4 (Copernicus/ESA via GEE) — REAL
mexico_cantarell,2024,5,1896.8222941497686,Sentinel-5P OFFL CH4 (Copernicus/ESA via GEE) — REAL
mexico_cantarell,2024,7,1890.3129665420386,Sentinel-5P OFFL CH4 (Copernicus/ESA via GEE) — REAL
mexico_cantarell,2024,8,1897.3624599475388,Sentinel-5P OFFL CH4 (Copernicus/ESA via GEE) — REAL
mexico_cantarell,2024,9,1898.7420541720164,Sentinel-5P OFFL CH4 (Copernicus/ESA via GEE) — REAL
